,unnamed:_0,ticker,open,close,adj_close,low,high,volume,date,est_N4,Actual Diff,Direction
1742,96211,AAPL,109.1699982,109.9000015,106.9326782,108.8499985,110.0899963,26528000,12/2/2016,106.0229073,0,0
1743,96216,AAPL,110,109.1100006,106.1639938,108.25,110.0299988,34324500,12/5/2016,105.9742737,-0.7686844,0
1744,96231,AAPL,109.5,109.9499969,106.9813156,109.1900024,110.3600006,26195500,12/6/2016,105.8623734,0.8173218,1
1745,96235,AAPL,109.2600021,111.0299988,108.0321503,109.1600037,111.1900024,29998700,12/7/2016,106.7964439,1.0508347,1
1746,96251,AAPL,110.8600006,112.1200027,109.0927277,110.5999985,112.4300003,27068300,12/8/2016,108.056469,1.0605774,1
1747,96255,AAPL,112.3099976,113.9499969,110.8733215,112.3099976,114.6999969,34402600,12/9/2016,110.0268059,1.7805938,1
1748,96270,AAPL,113.2900009,113.3000031,110.2408676,112.4899979,115,26374400,12/12/2016,111.9290276,-0.6324539,0
1749,96274,AAPL,113.8399963,115.1900024,112.079834,113.75,115.9199982,43733800,12/13/2016,111.6614532,1.8389664,1
1750,96288,AAPL,115.0400009,115.1900024,112.079834,114.9800034,116.1999969,34031800,12/14/2016,112.653904,0,0
1751,96292,AAPL,115.3799973,115.8199997,112.6928253,115.2300034,116.7300034,46524500,12/15/2016,112.6830902,0.6129913,1
1752,96313,AAPL,116.4700012,115.9700012,112.838768,115.6500015,116.5,44351100,12/16/2016,113.6123085,0.1459427,1
1753,96317,AAPL,115.8000031,116.6399994,113.4906845,115.75,117.3799973,27779400,12/19/2016,113.1452637,0.6519165,1
1754,96652,AAPL,116.7399979,116.9499969,113.7923126,116.6800003,117.5,21425000,12/20/2016,113.8701515,0.3016281,1
1755,96656,AAPL,116.8000031,117.0599976,113.8993378,116.7799988,117.4000015,23783200,12/21/2016,114.1912422,0.1070252,1
1756,96707,AAPL,116.3499985,116.2900009,113.1501389,115.6399994,116.5100021,26085900,12/22/2016,114.3761101,-0.7491989,0
1757,96711,AAPL,115.5899963,116.5199966,113.3739166,115.5899963,116.5199966,14181200,12/23/2016,113.3544655,0.2237777,1
1758,96728,AAPL,116.5199966,117.2600021,114.0939484,116.4899979,117.8000031,18296900,12/27/2016,113.0528297,0.7200318,1
1759,96732,AAPL,117.5199966,116.7600021,113.6074448,116.1999969,118.0199966,20905900,12/28/2016,113.8312378,-0.4865036,0
1760,96747,AAPL,116.4499969,116.7300034,113.5782471,116.4000015,117.1100006,15039500,12/29/2016,114.0793495,-0.0291977,0
1761,96751,AAPL,116.6500015,115.8199997,112.6928253,115.4300003,117.1999969,30586300,12/30/2016,113.6950111,-0.8854218,0
1762,96765,AAPL,115.8000031,116.1500015,113.013916,114.7600021,116.3300018,28781900,1/3/2017,112.4349747,0.3210907,1
1763,96769,AAPL,115.8499985,116.0199966,112.887413,115.75,116.5100021,21118100,1/4/2017,112.5566063,-0.126503,0
1764,96784,AAPL,115.9199982,116.6100006,113.4615021,115.8099976,116.8600006,22193600,1/5/2017,112.6052475,0.5740891,1
1765,96788,AAPL,116.7799988,117.9100037,114.7264023,116.4700012,118.1600037,31751900,1/6/2017,113.5587959,1.2649002,1
1766,96803,AAPL,117.9499969,118.9899979,115.7772369,117.9400024,119.4300003,33561900,1/9/2017,114.9501953,1.0508346,1
1767,96809,AAPL,118.7699966,119.1100006,115.8939972,118.3000031,119.3799973,24462100,1/10/2017,116.6967316,0.1167603,1
1768,96926,AAPL,118.7399979,119.75,116.5167084,118.5999985,119.9300003,27588600,1/11/2017,117.0518646,0.6227112,1
1769,96930,AAPL,118.9000015,119.25,116.0302124,118.2099991,119.3000031,27086200,1/12/2017,117.1005058,-0.486496,0
1770,96945,AAPL,119.1100006,119.0400009,115.825882,118.8099976,119.6200027,26111900,1/13/2017,116.3999481,-0.2043304,0
1771,96949,AAPL,118.3399963,120,116.7599716,118.2200012,120.2399979,34439800,1/17/2017,115.8939896,0.9340896,1
1772,96963,AAPL,120,119.9899979,116.7502289,119.7099991,120.5,23713000,1/18/2017,116.4145584,-0.0097427,0
1773,96967,AAPL,119.4000015,119.7799988,116.5458984,119.3700027,120.0899963,25597300,1/19/2017,117.1151085,-0.2043305,0
1774,96981,AAPL,120.4499969,120,116.7599716,119.7300034,120.4499969,32597900,1/20/2017,117.0080719,0.2140732,1
1775,96985,AAPL,120,120.0800018,116.8377991,119.7699966,120.8099976,22050200,1/23/2017,116.652935,0.0778275,1
1776,97001,AAPL,119.5500031,119.9700012,116.7307739,119.5,120.0999985,23211000,1/24/2017,116.8426704,-0.1070252,0
1777,97005,AAPL,120.4199982,121.8799973,118.5891953,120.2799988,122.0999985,32377600,1/25/2017,116.8767242,1.8584214,1
1778,97019,AAPL,121.6699982,121.9400024,118.647583,121.5999985,122.4400024,26337600,1/26/2017,118.5745964,0.0583877,1
1779,97023,AAPL,122.1399994,121.9499969,118.6573029,121.5999985,122.3499985,20562900,1/27/2017,119.5232811,0.0097199,1
1780,97039,AAPL,120.9300003,121.6299973,118.3459473,120.6600037,121.6299973,30377500,1/30/2017,119.6157074,-0.3113556,0
1781,97043,AAPL,121.1500015,121.3499985,118.0735168,120.6200027,121.3899994,49201000,1/31/2017,118.3800011,-0.2724305,0
1782,97058,AAPL,127.0299988,128.75,125.2737045,127.0100021,130.4900055,111985000,2/1/2017,117.922699,7.2001877,1
1783,97063,AAPL,127.9800034,128.5299988,125.0596542,127.7799988,129.3899994,33710400,2/2/2017,124.9818115,-0.2140503,0
1784,97078,AAPL,128.3099976,129.0800018,125.5948029,128.1600037,129.1900024,24507300,2/3/2017,128.5235329,0.5351487,1
1785,97082,AAPL,129.1300049,130.2899933,126.7721252,128.8999939,130.5,26845900,2/6/2017,129.0878716,1.1773223,1
1786,97097,AAPL,130.5399933,131.5299988,127.9786301,130.4499969,132.0899963,38183800,2/7/2017,126.9326744,1.2065049,1
1787,97101,AAPL,131.3500061,132.0399933,128.4748688,131.2200012,132.2200012,23004100,2/8/2017,128.8348656,0.4962387,1
1788,97116,AAPL,131.6499939,132.4199982,129.4032288,131.1199951,132.4499969,28349900,2/9/2017,129.6667824,0.92836,1
1789,97120,AAPL,132.4600067,132.1199951,129.1100769,132.0500031,132.9400024,20065500,2/10/2017,130.2546005,-0.2931519,0
1790,97144,AAPL,133.0800018,133.2899933,130.253418,132.75,133.8200073,23035400,2/13/2017,129.8223763,1.1433411,1
1791,97148,AAPL,133.4700012,135.0200043,131.9440155,133.25,135.0899963,33226200,2/14/2017,130.571022,1.6905975,1
1792,97149,AAPL,135.5200043,135.5099945,132.4228363,134.6199951,136.2700043,35623100,2/15/2017,132.3691101,0.4788208,1
1793,97150,AAPL,135.6699982,135.3500061,132.2664948,134.8399963,135.8999939,22584600,2/16/2017,133.8398056,-0.1563415,0
1794,97151,AAPL,135.1000061,135.7200012,132.628067,135.1000061,135.8300018,22198200,2/17/2017,133.3512039,0.3615722,1
1795,97152,AAPL,136.2299957,136.6999969,133.5857239,135.9799957,136.75,24507200,2/21/2017,132.7893066,0.9576569,1
1796,97153,AAPL,136.4299927,137.1100006,133.9863892,136.1100006,137.1199951,20836900,2/22/2017,133.6883392,0.4006653,1
1797,97154,AAPL,137.3800049,136.5299988,133.4196014,136.3000031,137.4799957,20788200,2/23/2017,134.6460037,-0.5667878,0
1798,97155,AAPL,135.9100037,136.6600037,133.5466614,135.2799988,136.6600037,21776600,2/24/2017,134.0987625,0.12706,1
1799,97156,AAPL,137.1399994,136.9299927,133.8104706,136.2799988,137.4400024,20257400,2/27/2017,133.4636002,0.2638092,1
1800,97157,AAPL,137.0800018,136.9900055,133.8691101,136.6999969,137.4400024,23482900,2/28/2017,133.5906067,0.0586395,1
1801,97158,AAPL,137.8899994,139.7899933,136.6053314,137.6000061,140.1499939,36414600,3/1/2017,134.0645447,2.7362213,1
1802,97159,AAPL,140,138.9600067,135.7942505,138.7599945,140.2799988,26211000,3/2/2017,136.7665558,-0.8110809,0
1803,97160,AAPL,138.7799988,139.7799988,136.5955658,138.5899963,139.8300018,21108100,3/3/2017,137.1916809,0.8013153,1
1804,97161,AAPL,139.3699951,139.3399963,136.1655731,138.6000061,139.7700043,21750000,3/6/2017,137.558136,-0.4299927,0
1805,97162,AAPL,139.0599976,139.5200043,136.3414764,138.7899933,139.9799957,17446300,3/7/2017,136.1606903,0.1759033,1
1806,97163,AAPL,138.9499969,139,135.8333435,138.8200073,139.8000031,18707200,3/8/2017,136.5271378,-0.5081329,0
1807,97164,AAPL,138.7400055,138.6799927,135.5205994,137.0500031,138.7899933,22155900,3/9/2017,135.7062988,-0.3127441,0
1808,97165,AAPL,139.25,139.1399994,135.9701385,138.6399994,139.3600006,19612800,3/10/2017,135.3544846,0.4495391,1
1809,97166,AAPL,138.8500061,139.1999969,136.0287476,138.8200073,139.4299927,17421700,3/13/2017,135.5597,0.0586091,1
1810,97167,AAPL,139.3000031,138.9900055,135.8235474,138.8399963,139.6499939,15309100,3/14/2017,136.0971451,-0.2052002,0
1811,97168,AAPL,139.4100037,140.4600067,137.2600708,139.0299988,140.75,25691800,3/15/2017,136.0776215,1.4365234,1
1812,97169,AAPL,140.7200012,140.6900024,137.4848175,140.2599945,141.0200043,19232000,3/16/2017,137.1867752,0.2247467,1
1813,97170,AAPL,141,139.9900055,136.8007965,139.8899994,141,43885000,3/17/2017,138.1004791,-0.684021,0
1814,97171,AAPL,140.3999939,141.4600067,138.2373047,140.2299957,141.5,21542000,3/20/2017,137.6314316,1.4365082,1
1815,97172,AAPL,142.1100006,139.8399963,136.6541901,139.7299957,142.8000031,39529900,3/21/2017,138.0076675,-1.5831146,0
1816,97173,AAPL,139.8500061,141.4199982,138.1982117,139.7599945,141.6000061,25860200,3/22/2017,137.0304337,1.5440216,1
1817,97174,AAPL,141.2599945,140.9199982,137.7095795,140.6100006,141.5800018,20346300,3/23/2017,138.1249084,-0.4886322,0
1818,97175,AAPL,141.5,140.6399994,137.4359741,140.3500061,141.7400055,22395600,3/24/2017,137.690033,-0.2736054,0
1819,97176,AAPL,139.3899994,140.8800049,137.6705322,138.6199951,141.2200012,23575100,3/27/2017,137.9636688,0.2345581,1
1820,97177,AAPL,140.9100037,143.8000031,140.5239868,140.6199951,144.0399933,33374800,3/28/2017,137.2894135,2.8534546,1
1821,97178,AAPL,143.6799927,144.1199951,140.8367004,143.1900024,144.4900055,29190000,3/29/2017,140.5044632,0.3127136,1
1822,97179,AAPL,144.1900024,143.9299927,140.6510162,143.5,144.5,21207300,3/30/2017,142.3807068,-0.1856842,0
1823,97180,AAPL,143.7200012,143.6600037,140.3871765,143.0099945,144.2700043,19661700,3/31/2017,142.2341003,-0.2638397,0
1824,97181,AAPL,143.7100067,143.6999969,140.4262543,143.0500031,144.1199951,19985700,4/3/2017,140.4506912,0.0390778,1
1825,97182,AAPL,143.25,144.7700043,141.4718781,143.1699982,144.8899994,19891400,4/4/2017,140.2014923,1.0456238,1
1826,97183,AAPL,144.2200012,144.0200043,140.7389832,143.8099976,145.4600067,27717900,4/5/2017,141.3594971,-0.7328949,0
1827,97184,AAPL,144.2899933,143.6600037,140.3871765,143.4499969,144.5200043,21149000,4/6/2017,141.2813339,-0.3518067,0
1828,97185,AAPL,143.7299957,143.3399963,140.0744629,143.2700043,144.1799927,16672200,4/7/2017,140.543541,-0.3127136,0
1829,97186,AAPL,143.6000061,143.1699982,139.9083252,142.8999939,143.8800049,18933400,4/10/2017,139.5321121,-0.1661377,0
1830,97187,AAPL,142.9400024,141.6300049,138.4034271,140.0599976,143.3500061,30379400,4/11/2017,139.5760651,-1.5048981,0
1831,97188,AAPL,141.6000061,141.8000031,138.5695496,141.0099945,142.1499939,20350000,4/12/2017,138.1640015,0.1661225,1
1832,97189,AAPL,141.9100037,141.0500031,137.8366241,141.0500031,142.3800049,17822900,4/13/2017,137.7340317,-0.7329255,0
1833,97190,AAPL,141.4799957,141.8300018,138.5988617,140.8699951,141.8800049,16582100,4/17/2017,137.1672363,0.7622376,1
1834,97191,AAPL,141.4100037,141.1999969,137.9832001,141.1100006,142.0399933,14697500,4/18/2017,138.3154602,-0.6156616,0
1835,97192,AAPL,141.8800049,140.6799927,137.4750519,140.4499969,142,17328400,4/19/2017,137.9978561,-0.5081482,0
1836,97193,AAPL,141.2200012,142.4400024,139.1949615,141.1600037,142.9199982,23319600,4/20/2017,137.5483398,1.7199096,1
1837,97211,AAPL,142.4400024,142.2700043,139.0288544,141.8500061,142.6799927,17320900,4/21/2017,138.6330566,-0.1661071,0
1838,97215,AAPL,143.5,143.6399994,140.36763,143.1799927,143.9499969,17134300,4/24/2017,139.6347351,1.3387756,1
1839,97216,AAPL,143.9100037,144.5299988,141.2373505,143.8699951,144.8999939,18871500,4/25/2017,141.1445313,0.8697205,1
1840,97217,AAPL,144.4700012,143.6799927,140.406723,143.3800049,144.6000061,20041200,4/26/2017,141.8236847,-0.8306275,0
1841,97218,AAPL,143.9199982,143.7899933,140.5141907,143.3099976,144.1600037,14246300,4/27/2017,141.5109711,0.1074677,1
1842,97219,AAPL,144.0899963,143.6499939,140.3773804,143.2700043,144.3000031,20860400,4/28/2017,140.5337372,-0.1368103,0
1843,97220,AAPL,145.1000061,146.5800018,143.2406464,144.9600067,147.1999969,33602900,5/1/2017,140.0158005,2.863266,1
1844,97221,AAPL,147.5399933,147.5099945,144.1494751,146.8399963,148.0899963,45352200,5/2/2017,143.225975,0.9088287,1
1845,97222,AAPL,145.5899963,147.0599976,143.7097015,144.2700043,147.4900055,45697000,5/3/2017,145.5127029,-0.4397736,0
1846,97223,AAPL,146.5200043,146.5299988,143.1917725,145.8099976,147.1399994,23371900,5/4/2017,145.5957489,-0.517929,0
1847,97224,AAPL,146.7599945,148.9600067,145.5664215,146.7599945,148.9799957,27327700,5/5/2017,143.4263,2.374649,1
1848,97238,AAPL,149.0299988,153.0099945,149.5241394,149.0299988,153.6999969,48752400,5/8/2017,145.0875702,3.9577179,1
1849,97242,AAPL,153.8699951,153.9900055,150.481842,153.4499969,154.8800049,39130400,5/9/2017,150.4524994,0.9577026,1
1850,97257,AAPL,153.6300049,153.2599945,149.7684479,152.1100006,153.9400024,25805700,5/10/2017,153.6480255,-0.7133941,0
1851,97261,AAPL,152.4499969,153.9499969,151.0637054,152.3099976,154.0700073,27255100,5/11/2017,152.2261581,1.2952575,1
1852,97275,AAPL,154.6999969,156.1000061,153.1734009,154.6699982,156.4199982,32527000,5/12/2017,151.1858597,2.1096955,1
1853,97279,AAPL,156.0099945,155.6999969,152.780899,155.0500031,156.6499939,26009700,5/15/2017,153.4643326,-0.3925019,0
1854,97295,AAPL,155.9400024,155.4700012,152.5552368,154.7200012,156.0599976,20048500,5/16/2017,154.4833755,-0.2256622,0
1855,97300,AAPL,153.6000061,150.25,147.433075,149.7100067,154.5700073,50767700,5/17/2017,153.4138336,-5.1221618,0
1856,97316,AAPL,151.2700043,152.5399933,149.6801453,151.1300049,153.3399963,33568200,5/18/2017,147.1239929,2.2470703,1
1857,97320,AAPL,153.3800049,153.0599976,150.1903839,152.6300049,153.9799957,26960800,5/19/2017,147.0062332,0.5102386,1
1858,97343,AAPL,154,153.9900055,151.1029816,152.9100037,154.5800018,22966400,5/22/2017,148.7528381,0.9125977,1
1859,97347,AAPL,154.8999939,153.8000031,150.9165192,153.3099976,154.8999939,19918900,5/23/2017,152.481636,-0.1864624,0
1860,97365,AAPL,153.8399963,153.3399963,150.4651489,152.6699982,154.1699982,19178000,5/24/2017,151.6279373,-0.4513703,0
1861,97369,AAPL,153.7299957,153.8699951,150.985199,153.0299988,154.3500061,19235600,5/25/2017,150.8282166,0.5200501,1
1862,97386,AAPL,154,153.6100006,150.730072,153.3099976,154.2400055,21701100,5/26/2017,150.6662827,-0.255127,0
1863,97390,AAPL,153.4199982,153.6699982,150.7889557,153.3300018,154.4299927,20126900,5/30/2017,150.7644119,0.0588837,1
1864,97406,AAPL,153.9700012,152.7599945,149.8960114,152.3800049,154.1699982,24451200,5/31/2017,150.9214172,-0.8929443,0
1865,97410,AAPL,153.1699982,153.1799927,150.308136,152.2200012,153.3300018,16404100,6/1/2017,149.7978897,0.4121246,1
1866,97426,AAPL,153.5800018,155.4499969,152.5355988,152.8899994,155.4499969,27770700,6/2/2017,149.8911057,2.2274628,1
1867,97430,AAPL,154.3399963,153.9299927,151.0440674,153.4600067,154.4499969,25331700,6/5/2017,152.2951889,-1.4915314,0
1868,97444,AAPL,153.8999939,154.4499969,151.5543213,153.7799988,155.8099976,26624900,6/6/2017,152.3638611,0.5102539,1
1869,97448,AAPL,155.0200043,155.3699951,152.4570923,154.4799957,155.9799957,21069600,6/7/2017,151.922287,0.902771,1
1870,97463,AAPL,155.25,154.9900055,152.0842133,154.3999939,155.5399933,21250800,6/8/2017,151.9664536,-0.372879,0
1871,97468,AAPL,155.1900024,148.9799957,146.1868744,146.0200043,155.1900024,64882700,6/9/2017,152.7907257,-5.8973389,0
1872,97483,AAPL,145.7400055,145.4199982,142.6936493,142.5099945,146.0899963,72307300,6/12/2017,146.4518204,-3.4932251,0
1873,97487,AAPL,147.1600037,146.5899963,143.8416901,145.1499939,147.4499969,34165400,6/13/2017,139.5585403,1.1480408,1
1874,97503,AAPL,147.5,145.1600037,142.4385071,143.8399963,147.5,31531200,6/14/2017,139.1464081,-1.403183,0
1875,97507,AAPL,143.3200073,144.2899933,141.5848083,142.2100067,144.4799957,32165400,6/15/2017,141.2659149,-0.8536988,0
1876,97524,AAPL,143.7799988,142.2700043,139.6027069,142.1999969,144.5,50361100,6/16/2017,141.4572372,-1.9821014,0
1877,97528,AAPL,143.6600037,146.3399963,143.5963745,143.6600037,146.7400055,32541400,6/19/2017,138.4742661,3.9936676,1
1878,97544,AAPL,146.8699951,145.0099945,142.2913208,144.9400024,146.8699951,24900100,6/20/2017,142.1784744,-1.3050537,0
1879,97552,AAPL,145.5200043,145.8699951,143.1351929,144.6100006,146.0700073,21265800,6/21/2017,143.2971039,0.8438721,1
1880,97566,AAPL,145.7700043,145.6300049,142.899704,145.1199951,146.6999969,19106300,6/22/2017,144.4794998,-0.2354889,0
1881,97571,AAPL,145.1300049,146.2799988,143.5375061,145.1100006,147.1600037,35439400,6/23/2017,142.6691132,0.6378021,1
1882,97587,AAPL,147.1699982,145.8200073,143.0861359,145.3800049,148.2799988,25692400,6/26/2017,143.8416977,-0.4513702,0
1883,97591,AAPL,145.0099945,143.7299957,141.0353088,143.6199951,146.1600037,24761900,6/27/2017,143.2872925,-2.0508271,0
1884,97607,AAPL,144.4900055,145.8300018,143.0959473,143.1600037,146.1100006,22082400,6/28/2017,141.1285248,2.0606385,1
1885,97611,AAPL,144.7100067,143.6799927,140.9862518,142.2799988,145.1300049,31499400,6/29/2017,141.8448486,-2.1096955,0
1886,97627,AAPL,144.4499969,144.0200043,141.3199005,143.7799988,144.9600067,23024100,6/30/2017,140.9911575,0.3336487,1
1887,97674,AAPL,144.8800049,143.5,140.8096313,143.1000061,145.3000031,14258300,7/3/2017,141.295372,-0.5102692,0
1888,97734,AAPL,143.6900024,144.0899963,141.3885651,142.7200012,144.7899933,21569600,7/5/2017,139.921608,0.5789338,1
1889,97738,AAPL,143.0200043,142.7299957,140.0540619,142.4100037,143.5,24128800,7/6/2017,141.3002548,-1.3345032,0
1890,97757,AAPL,142.8999939,144.1799927,141.4768829,142.8999939,144.75,19201700,7/7/2017,140.0883942,1.422821,1
1891,97761,AAPL,144.1100006,145.0599976,142.3403778,143.3699951,145.9499969,21090600,7/10/2017,141.0990982,0.8634949,1
1892,97779,AAPL,144.7299957,145.5299988,142.8015747,144.3800049,145.8500061,19781800,7/11/2017,142.3845367,0.4611969,1
1893,97783,AAPL,145.8699951,145.7400055,143.0076447,144.8200073,146.1799927,24884500,7/12/2017,143.9447327,0.20607,1
1894,97802,AAPL,145.5,147.7700043,144.9995728,145.4400024,148.4900055,25199400,7/13/2017,143.6699905,1.9919281,1
1895,97806,AAPL,147.9700012,149.0399933,146.2457428,147.3300018,149.3300018,20132100,7/14/2017,145.3332062,1.24617,1
1896,97821,AAPL,148.8200073,149.5599976,146.756012,148.5700073,150.8999939,23793500,7/17/2017,147.3447418,0.5102692,1
1897,97825,AAPL,149.1999969,150.0800018,147.2662811,148.6699982,150.1300049,17868800,7/18/2017,148.375061,0.5102691,1
1898,97842,AAPL,150.4799957,151.0200043,148.1886444,149.9499969,151.4199982,20923000,7/19/2017,148.1445007,0.9223633,1
1899,97846,AAPL,151.5,150.3399963,147.5213928,150.1900024,151.7400055,17243700,7/20/2017,148.6989136,-0.6672516,0
1900,97861,AAPL,149.9900055,150.2700043,147.452713,148.8800049,150.4400024,26252600,7/21/2017,148.237709,-0.0686798,0
1901,97865,AAPL,150.5800018,152.0899963,149.2385864,149.8999939,152.4400024,21493200,7/24/2017,147.5802689,1.7858734,1
1902,97880,AAPL,151.8000031,152.7400055,149.8764038,151.8000031,153.8399963,18853900,7/25/2017,148.8706207,0.6378174,1
1903,97884,AAPL,153.3500061,153.4600067,150.5829163,153.0599976,153.9299927,15781000,7/26/2017,150.7350006,0.7065125,1
1904,97899,AAPL,153.75,150.5599976,147.7372742,147.3000031,153.9900055,32476300,7/27/2017,151.7947617,-2.8456421,0
1905,97903,AAPL,149.8899994,149.5,146.6971436,149.1900024,150.2299957,17213700,7/28/2017,148.4094391,-1.0401306,0
1906,97917,AAPL,149.8999939,148.7299957,145.9415741,148.1300049,150.3300018,19845900,7/31/2017,145.6275787,-0.7555695,0
1907,97921,AAPL,149.1000061,150.0500031,147.2368469,148.4100037,150.2200012,35368600,8/1/2017,143.9986877,1.2952728,1
1908,97935,AAPL,159.2799988,157.1399994,154.1939087,156.1600037,159.75,69936800,8/2/2017,146.3389969,6.9570618,1
1909,97939,AAPL,157.0500031,155.5700073,152.6533203,155.0200043,157.2100067,27097300,8/3/2017,154.4637604,-1.5405884,0
1910,97953,AAPL,156.0700073,156.3899994,153.4579468,155.6900024,157.3999939,20559900,8/4/2017,156.7794876,0.8046265,1
1911,97957,AAPL,157.0599976,158.8099976,155.8325958,156.6699982,158.9199982,21870300,8/7/2017,156.1661835,2.374649,1
1912,97973,AAPL,158.6000061,160.0800018,157.0787811,158.2700043,161.8300018,36205900,8/8/2017,155.4646149,1.2461853,1
1913,97978,AAPL,159.2599945,161.0599976,158.0404053,159.1100006,161.2700043,26131500,8/9/2017,158.6684189,0.9616242,1
1914,97994,AAPL,159.8999939,155.3200073,153.0065308,154.6300049,160,40804300,8/10/2017,159.8508224,-5.0338745,0
1915,97998,AAPL,156.6000061,157.4799957,155.1343384,156.0700073,158.5700073,26257100,8/11/2017,154.1104355,2.1278076,1
1916,98018,AAPL,159.3200073,159.8500061,157.4690704,158.75,160.2100067,22122700,8/14/2017,153.0982132,2.334732,1
1917,98022,AAPL,160.6600037,161.6000061,159.1929779,160.1399994,162.1999969,29465500,8/15/2017,156.016037,1.7239075,1
1918,98037,AAPL,161.9400024,160.9499969,158.5526733,160.1499939,162.5099945,27671600,8/16/2017,161.4242477,-0.6403046,0
1919,98041,AAPL,160.5200043,157.8600006,155.5086975,157.8399963,160.7100067,27940600,8/17/2017,160.5819931,-3.0439758,0
1920,98057,AAPL,157.8600006,157.5,155.154068,156.7200012,159.5,27428100,8/18/2017,156.050499,-0.3546295,0
1921,98061,AAPL,157.5,157.2100067,154.8683777,155.1100006,157.8899994,26368500,8/21/2017,153.3119278,-0.2856903,0
1922,98075,AAPL,158.2299957,159.7799988,157.4001007,158.0200043,160,21604600,8/22/2017,153.169075,2.531723,1
1923,98079,AAPL,159.0700073,159.9799957,157.5971069,158.8800049,160.4700012,19399100,8/23/2017,157.0799408,0.1970062,1
1924,98095,AAPL,160.4299927,159.2700043,156.8976898,158.5500031,160.7400055,19818900,8/24/2017,158.7201233,-0.6994171,0
1925,98099,AAPL,159.6499939,159.8600006,157.4788971,159.2700043,160.5599976,25480100,8/25/2017,158.2620544,0.5812073,1
1926,98115,AAPL,160.1399994,161.4700012,159.0649109,159.9299927,162,25966000,8/28/2017,157.2276917,1.5860138,1
1927,98121,AAPL,160.1000061,162.9100037,160.48349,160,163.1199951,29516900,8/29/2017,159.005806,1.4185791,1
1928,98137,AAPL,163.8000031,163.3500061,160.9169159,162.6100006,163.8899994,27269600,8/30/2017,161.5671005,0.4334259,1
1929,98141,AAPL,163.6399994,164,161.5572357,163.4799957,164.5200043,26785100,8/31/2017,162.4192123,0.6403198,1
1930,98156,AAPL,164.8000031,164.0500031,161.6064911,163.6300049,164.9400024,16591100,9/1/2017,162.4832382,0.0492554,1
1931,98160,AAPL,163.75,162.0800018,159.6658478,160.5599976,164.25,29468500,9/5/2017,162.143364,-1.9406433,0
1932,98176,AAPL,162.7100067,161.9100037,159.4983673,160.5200043,162.9900055,21651700,9/6/2017,160.0106354,-0.1674805,0
1933,98180,AAPL,162.0899963,161.2599945,158.8580322,160.3600006,162.2400055,21928500,9/7/2017,158.5526733,-0.6403351,0
1934,98196,AAPL,160.8600006,158.6300049,156.2672272,158.5299988,161.1499939,28611500,9/8/2017,157.8039703,-2.590805,0
1935,98236,AAPL,160.5,161.5,159.0944672,159.8899994,162.0500031,31085900,9/11/2017,155.8633194,2.82724,1
1936,98252,AAPL,162.6100006,160.8600006,158.4640198,158.7700043,163.9600067,71714000,9/12/2017,157.4788971,-0.6304474,0
1937,98338,AAPL,159.8699951,159.6499939,157.2720184,157.9100037,159.9600067,44907400,9/13/2017,158.5822372,-1.1920014,0
1938,98354,AAPL,158.9900055,158.2799988,155.9224396,158.0899963,159.3999939,23760700,9/14/2017,158.3704147,-1.3495788,0
1939,98358,AAPL,158.4700012,159.8800049,157.4986115,158,160.9700012,49114600,9/15/2017,155.0112152,1.5761719,1
1940,98374,AAPL,160.1100006,158.6699982,156.3066254,158,160.5,28269400,9/18/2017,156.2278214,-1.1919861,0
1941,98378,AAPL,159.5099945,158.7299957,156.3657227,158.4400024,159.7700043,20810600,9/19/2017,156.4199219,0.0590973,1
1942,98396,AAPL,157.8999939,156.0700073,153.7453766,153.8300018,158.2599945,52951400,9/20/2017,156.5578156,-2.6203461,0
1943,98400,AAPL,155.8000031,153.3899994,151.1052704,152.75,155.8000031,37511700,9/21/2017,153.1789322,-2.6401062,0
1944,98415,AAPL,151.5399933,151.8899994,149.6276245,150.5599976,152.2700043,46645400,9/22/2017,149.824646,-1.4776459,0
1945,98420,AAPL,149.9900055,150.5500031,148.3075714,149.1600037,151.8300018,44387300,9/25/2017,146.9973984,-1.3200531,0
1946,98434,AAPL,151.7799988,153.1399994,150.8590088,151.6900024,153.9199982,36660000,9/26/2017,146.2486954,2.5514374,1
1947,98438,AAPL,153.8000031,154.2299957,151.9327698,153.5399933,154.7200012,25504200,9/27/2017,149.4601593,1.073761,1
1948,98493,AAPL,153.8899994,153.2799988,150.9969177,152.6999969,154.2799988,22005500,9/28/2017,152.5484619,-0.9358521,0
1949,98497,AAPL,153.2100067,154.1199951,151.8243866,152,154.1300049,26299800,9/29/2017,152.8095169,0.8274689,1
1950,98510,AAPL,154.2599945,153.8099976,151.5190277,152.7200012,154.4499969,18698800,10/2/2017,151.8933411,-0.3053589,0
1951,98514,AAPL,154.0099945,154.4799957,152.1790314,153.9100037,155.0899963,16230300,10/3/2017,151.4648361,0.6600037,1
1952,98528,AAPL,153.6300049,153.4799957,151.193924,152.4600067,153.8600006,20163800,10/4/2017,152.4400864,-0.9851074,0
1953,98532,AAPL,154.1799927,155.3899994,153.07547,154.0500031,155.4400024,21283800,10/5/2017,151.3712463,1.881546,1
1954,98546,AAPL,154.9700012,155.3000031,152.9868164,154.5599976,155.4900055,17407600,10/6/2017,152.9129181,-0.0886536,0
1955,98550,AAPL,155.8099976,155.8399963,153.5187683,155.4900055,156.7299957,16262900,10/9/2017,153.4350357,0.5319519,1
1956,98564,AAPL,156.0599976,155.8999939,153.5778656,155.1000061,158,15617000,10/10/2017,154.4152145,0.0590973,1
1957,98568,AAPL,155.9700012,156.5500031,154.2182159,155.75,156.9799957,16905600,10/11/2017,153.7995148,0.6403503,1
1958,98581,AAPL,156.3500061,156,153.6763916,155.7299957,157.3699951,16125100,10/12/2017,154.5137405,-0.5418243,0
1959,98585,AAPL,156.7299957,156.9900055,154.6516418,156.4100037,157.2799988,16394200,10/13/2017,154.0261154,0.9752502,1
1960,98599,AAPL,157.8999939,159.8800049,157.4986115,157.6499939,160,24121500,10/16/2017,154.7009048,2.8469697,1
1961,98603,AAPL,159.7799988,160.4700012,158.0798187,159.2299957,160.8699951,18997300,10/17/2017,157.7153244,0.5812072,1
1962,98616,AAPL,160.4199982,159.7599945,157.3803864,159.6000061,160.7100067,16374200,10/18/2017,159.9909286,-0.6994323,0
1963,98621,AAPL,156.75,155.9799957,153.6566925,155.0200043,157.0800018,42584200,10/19/2017,159.0944748,-3.7236939,0
1964,98635,AAPL,156.6100006,156.25,153.9226685,155.9600067,157.75,23974100,10/20/2017,153.59758,0.265976,1
1965,98639,AAPL,156.8899994,156.1699982,153.8438568,155.5,157.6900024,21984300,10/23/2017,151.7111053,-0.0788117,0
1966,98653,AAPL,156.2899933,157.1000061,154.7600098,156.1999969,157.4199982,17757200,10/24/2017,152.1149979,0.916153,1
1967,98657,AAPL,156.9100037,156.4100037,154.080307,155.2700043,157.5500031,21207100,10/25/2017,154.8535919,-0.6797028,0
1968,98671,AAPL,157.2299957,157.4100037,155.0653992,156.7799988,157.8300018,17000500,10/26/2017,154.4989777,0.9850922,1
1969,98675,AAPL,159.2899933,163.0500031,160.6213837,158.6999969,163.6000061,44454200,10/27/2017,155.1836243,5.5559845,1
1970,98689,AAPL,163.8899994,166.7200012,164.2367249,163.7200012,168.0700073,44700800,10/30/2017,160.7740784,3.6153412,1
1971,98694,AAPL,167.8999939,169.0399933,166.522171,166.9400024,169.6499939,36046800,10/31/2017,167.5072632,2.2854461,1
1972,98708,AAPL,169.8699951,166.8899994,164.4041901,165.6100006,169.9400024,33637800,11/1/2017,171.1078339,-2.1179809,0
1973,98712,AAPL,166.6000061,168.1100006,165.6060181,165.2799988,168.5,41393400,11/2/2017,167.3545837,1.201828,1
1974,98726,AAPL,174,172.5,169.9306335,171.1199951,174.2599945,59398600,11/3/2017,165.6897507,4.3246154,1
1975,98730,AAPL,172.3699951,174.25,171.6545563,171.7200012,174.9900055,35026300,11/6/2017,169.4725571,1.7239228,1
1976,98744,AAPL,173.9100037,174.8099976,172.2062225,173.6000061,175.25,24361500,11/7/2017,174.417778,0.5516662,1
1977,98748,AAPL,174.6600037,176.2400055,173.6149292,174.3300018,176.2400055,24409500,11/8/2017,175.2304916,1.4087067,1
1978,98762,AAPL,175.1100006,175.8800049,173.2602997,173.1399994,176.1000061,29482600,11/9/2017,174.7527237,-0.3546295,0
1979,98768,AAPL,175.1100006,174.6699982,172.6868591,174.2700043,175.3800049,25145500,11/10/2017,174.2404861,-0.5734406,0
1980,98782,AAPL,173.5,173.9700012,171.994812,173.3999939,174.5,16982100,11/13/2017,173.2138977,-0.6920471,0
1981,98786,AAPL,173.0399933,171.3399963,169.3946686,171.1799927,173.4799957,24782500,11/14/2017,171.530777,-2.6001434,0
1982,98800,AAPL,169.9700012,169.0800018,167.1603394,168.3800049,170.3200073,29158100,11/15/2017,168.7619247,-2.2343292,0
1983,98804,AAPL,171.1799927,171.1000061,169.1574097,170.3000031,171.8699951,23637500,11/16/2017,165.5142441,1.9970703,1
1984,98818,AAPL,171.0399933,170.1499939,168.2181854,169.6399994,171.3899994,21899500,11/17/2017,166.7401733,-0.9392243,0
1985,98824,AAPL,170.2899933,169.9799957,168.0501099,169.5599976,170.5599976,16262400,11/20/2017,168.099556,-0.1680755,0
1986,98838,AAPL,170.7799988,173.1399994,171.1742554,170.7799988,173.6999969,25131300,11/21/2017,168.5790329,3.1241455,1
1987,98843,AAPL,173.3600006,174.9600067,172.973587,173.0500031,175,25588900,11/22/2017,170.6206055,1.7993316,1
1988,98857,AAPL,175.1000061,174.9700012,172.9834747,174.6499939,175.5,14026700,11/24/2017,174.451622,0.0098877,1
1989,98861,AAPL,175.0500031,174.0899963,172.1134644,173.3399963,175.0800018,20716800,11/27/2017,175.4452133,-0.8700103,0
1990,98874,AAPL,174.3000031,173.0700073,171.1050415,171.8600006,174.8699951,26428800,11/28/2017,173.018074,-1.0084229,0
1991,98878,AAPL,172.6300049,169.4799957,167.5558014,167.1600037,172.9199982,41666400,11/29/2017,170.6749802,-3.5492401,0
1992,98892,AAPL,170.4299927,171.8500061,169.8988953,168.4400024,172.1399994,41527200,11/30/2017,166.6165848,2.3430939,1
1993,98897,AAPL,169.9499969,171.0500031,169.1079712,168.5,171.6699982,39759300,12/1/2017,167.6200638,-0.7909241,0
1994,98911,AAPL,172.4799957,169.8000031,167.8721771,169.6300049,172.6199951,32542400,12/4/2017,168.5048981,-1.2357941,0
1995,98916,AAPL,169.0599976,169.6399994,167.713974,168.3999939,171.5200043,27350200,12/5/2017,168.648262,-0.1582031,0
1996,98930,AAPL,167.5,169.0099945,167.0911407,166.4600067,170.1999969,28560000,12/6/2017,166.7006149,-0.6228333,0
1997,98934,AAPL,169.0299988,169.3200073,167.3976288,168.9100037,170.4400024,25673300,12/7/2017,166.3941422,0.3064881,1
1998,98948,AAPL,170.4900055,169.3699951,167.4470367,168.8200073,171,23355200,12/8/2017,167.0071106,0.0494079,1
1999,98952,AAPL,169.1999969,172.6699982,170.7095947,168.7899933,172.8899994,35273800,12/11/2017,167.2888641,3.262558,1
2000,98966,AAPL,172.1499939,171.6999969,169.7505951,171.4600067,172.3899994,19409200,12/12/2017,170.8875427,-0.9589996,0
2001,98976,AAPL,172.5,172.2700043,170.3141174,172,173.5399933,23818400,12/13/2017,171.4065781,0.5635223,1
2002,98989,AAPL,172.3999939,172.2200012,170.2646942,171.6499939,173.1300049,20476500,12/14/2017,171.4658966,-0.0494232,0
2003,98994,AAPL,173.6300049,173.9700012,171.994812,172.4600067,174.1699982,40169300,12/15/2017,170.0669556,1.7301178,1
2004,99010,AAPL,174.8800049,176.4199982,174.4170074,174.8600006,177.1999969,29421100,12/18/2017,172.2518616,2.4221954,1
2005,99017,AAPL,175.0299988,174.5399933,172.5583496,174.0899963,175.3899994,27436400,12/19/2017,175.2573547,-1.8586578,0
2006,99030,AAPL,174.8699951,174.3500061,172.3705139,173.25,175.4199982,23475600,12/20/2017,174.6345062,-0.1878357,0
2007,99034,AAPL,174.1699982,175.0099945,173.0230255,174.1000061,176.0200043,20949900,12/21/2017,172.6522827,0.6525116,1
2008,99048,AAPL,174.6799927,175.0099945,173.0230255,174.5,175.4199982,16349400,12/22/2017,171.9997787,0,0
2009,99052,AAPL,170.8000031,170.5700073,168.6334229,169.6799927,171.4700012,33185500,12/26/2017,173.2553635,-4.3896026,0
2010,99065,AAPL,170.1000061,170.6000061,168.6631012,169.7100067,170.7799988,21498200,12/27/2017,168.9596786,0.0296783,1
2011,99069,AAPL,171,171.0800018,169.1376495,170.4799957,171.8500061,16480200,12/28/2017,166.4682999,0.4745483,1
2012,99081,AAPL,170.5200043,169.2299957,167.3086395,169.2200012,170.5899963,25999900,12/29/2017,166.9576874,-1.82901,0
2013,99085,AAPL,170.1600037,172.2599945,170.3042297,169.2599945,172.3000031,25555900,1/2/2018,167.5607529,2.9955902,1
2014,99097,AAPL,172.5299988,172.2299957,170.2745667,171.9600067,174.5500031,29517900,1/3/2018,169.6269989,-0.029663,0
2015,99101,AAPL,172.5399933,173.0299988,171.065506,172.0800018,173.4700012,22434600,1/4/2018,170.8578568,0.7909393,1
2016,99113,AAPL,173.4400024,175,173.0131226,173.0500031,175.3699951,23660000,1/5/2018,172.5484695,1.9476166,1
2017,99117,AAPL,174.3500061,174.3500061,172.3705139,173.9299927,175.6100006,20567800,1/8/2018,173.3937607,-0.6426087,0
2018,99130,AAPL,174.5500031,174.3300018,172.3507385,173.4100037,175.0599976,21584000,1/9/2018,173.7397919,-0.0197754,0
2019,99139,AAPL,173.1600037,174.2899933,172.3111877,173,174.3000031,23959900,1/10/2018,173.0032425,-0.0395508,0
2020,99151,AAPL,174.5899963,175.2799988,173.2899475,174.4900055,175.4900055,18667700,1/11/2018,171.9799957,0.9787598,1
2021,99161,AAPL,176.1799927,177.0899963,175.0793915,175.6499939,177.3600006,25418100,1/12/2018,173.2602844,1.789444,1
2022,99174,AAPL,177.8999939,176.1900024,174.1896362,176.1399994,179.3899994,29565900,1/16/2018,175.548996,-0.8897553,0
2023,99180,AAPL,176.1499939,179.1000061,177.0665894,175.0700073,179.25,33888500,1/17/2018,175.5737381,2.8769532,1
2024,99193,AAPL,179.3699951,179.2599945,177.224762,178.25,180.1000061,31193400,1/18/2018,177.5164337,0.1581726,1
2025,99197,AAPL,178.6100006,178.4600067,176.4338531,177.4100037,179.5800018,32425100,1/19/2018,178.2183609,-0.7909089,0
2026,99210,AAPL,177.3000031,177,174.9904327,176.6000061,177.7799988,27108600,1/22/2018,177.951416,-1.4434204,0
2027,99214,AAPL,177.3000031,177.0399933,175.0299683,176.8200073,179.4400024,32689100,1/23/2018,174.6740646,0.0395356,1
2028,99226,AAPL,177.25,174.2200012,172.2419739,173.1999969,177.3000031,51105100,1/24/2018,173.9128036,-2.7879944,0
2029,99230,AAPL,174.5099945,171.1100006,169.1672974,170.5299988,174.9499969,41529000,1/25/2018,171.5400314,-3.0746765,0
2030,99243,AAPL,172,171.5099945,169.5627441,170.0599976,172,39143000,1/26/2018,167.7930679,0.3954467,1
2031,99247,AAPL,170.1600037,167.9600067,166.0530548,167.0700073,170.1600037,50640400,1/29/2018,166.6314087,-3.5096893,0
2032,99259,AAPL,165.5299988,166.9700012,165.074295,164.6999969,167.3699951,46048200,1/30/2018,164.7134399,-0.9787598,0
2033,99263,AAPL,166.8699951,167.4299927,165.529068,166.5,168.4400024,32478900,1/31/2018,163.5171738,0.454773,1
2034,99277,AAPL,167.1699982,167.7799988,165.8750916,166.7599945,168.6199951,47230800,2/1/2018,163.2848434,0.3460236,1
2035,99281,AAPL,166,160.5,158.6777496,160.1000061,166.8000031,86593800,2/2/2018,165.6130981,-7.197342,0
2036,99295,AAPL,159.1000061,156.4900055,154.7132874,156,163.8800049,72738500,2/5/2018,159.0781479,-3.9644622,0
2037,99300,AAPL,154.8300018,163.0299988,161.1790161,154,163.7200012,68243800,2/6/2018,151.2876282,6.4657287,1
2038,99314,AAPL,163.0899963,159.5399933,157.7286377,159.0700073,163.3999939,51608600,2/7/2018,155.598114,-3.4503784,0
2039,99318,AAPL,160.2899933,155.1499939,153.3884888,155.0299988,161,54390500,2/8/2018,158.9792709,-4.3401489,0
2040,99332,AAPL,157.0700073,156.4100037,155.2646637,150.2400055,157.8899994,70672600,2/9/2018,154.8961639,1.8761749,1
2041,99336,AAPL,158.5,162.7100067,161.5185242,157.5099945,163.8899994,60819500,2/12/2018,151.3694,6.2538605,1
2042,99350,AAPL,161.9499969,164.3399963,163.1365814,161.6499939,164.75,32549200,2/13/2018,160.2865372,1.6180572,1
2043,99354,AAPL,163.0399933,167.3699951,166.1443939,162.8800049,167.5399933,40644900,2/14/2018,167.2015991,3.0078125,1
2044,99368,AAPL,169.7899933,172.9900055,171.7232513,169,173.0899963,51147200,2/15/2018,170.0803528,5.5788574,1
2045,99374,AAPL,172.3600006,172.4299927,171.1673431,171.7700043,174.8200073,40176100,2/16/2018,174.0361862,-0.5559082,0
2046,99387,AAPL,172.0500031,171.8500061,170.5915985,171.4199982,174.2599945,33930500,2/20/2018,175.4606781,-0.5757446,0
2047,99393,AAPL,172.8300018,171.0700073,169.8173065,171.0099945,174.1199951,37471600,2/21/2018,173.1030731,-0.774292,0
2048,99405,AAPL,171.8000031,172.5,171.2368317,171.7100067,173.9499969,30991900,2/22/2018,169.2514801,1.4195252,1
2049,99410,AAPL,173.6699982,175.5,174.214859,173.5399933,175.6499939,33812400,2/23/2018,170.5618134,2.9780273,1
2050,99424,AAPL,176.3500061,178.9700012,177.6594543,176.2100067,179.3899994,38162200,2/26/2018,174.5374756,3.4445953,1
2051,99429,AAPL,179.1000061,178.3899994,177.0837097,178.1600037,180.4799957,38928100,2/27/2018,179.8582306,-0.5757446,0
2052,99441,AAPL,179.2599945,178.1199951,176.8156738,178.0500031,180.6199951,37782100,2/28/2018,180.2950211,-0.2680359,0
2053,99446,AAPL,178.5399933,175,173.7185211,172.6600037,179.7799988,48802000,3/1/2018,178.2500992,-3.0971527,0
2054,99459,AAPL,172.8000031,176.2100067,174.9196777,172.4499969,176.3000031,38454000,3/2/2018,173.2966309,1.2011566,1
2055,99464,AAPL,175.2100067,176.8200073,175.5252075,174.5200043,177.7400055,28401400,3/5/2018,173.2370834,0.6055298,1
2056,99523,AAPL,177.9100037,176.6699982,175.376297,176.1300049,178.25,23788500,3/6/2018,174.5772095,-0.1489105,0
2057,99529,AAPL,174.9400024,175.0299988,173.7483063,174.2700043,175.8500061,31703500,3/7/2018,176.2796402,-1.6279907,0
2058,99542,AAPL,175.4799957,176.9400024,175.6443176,175.0700073,177.1199951,23774100,3/8/2018,173.9766159,1.8960113,1
2059,99548,AAPL,177.9600067,179.9799957,178.6620483,177.3899994,180,32185200,3/9/2018,174.755867,3.0177307,1
2060,99561,AAPL,180.2899933,181.7200012,180.3893127,180.2100067,182.3899994,32207100,3/12/2018,178.7960587,1.7272644,1
2061,99566,AAPL,182.5899963,179.9700012,178.6521301,179.2400055,183.5,31693500,3/13/2018,182.8461838,-1.7371826,0
2062,99579,AAPL,180.3200073,178.4400024,177.1333313,177.8099976,180.5200043,29368400,3/14/2018,181.0246277,-1.5187988,0
2063,99584,AAPL,178.5,178.6499939,177.3417816,178.0700073,180.2400055,22743800,3/15/2018,177.1283722,0.2084503,1
2064,99596,AAPL,178.6499939,178.0200043,176.7164154,177.6199951,179.1199951,39404700,3/16/2018,175.7137909,-0.6253662,0
2065,99602,AAPL,177.3200073,175.3000031,174.0163422,173.6600037,177.4700012,33446800,3/19/2018,176.0612411,-2.7000732,0
2066,99616,AAPL,175.2400055,175.2400055,173.9567719,174.9400024,176.8000031,19649400,3/20/2018,173.8078842,-0.0595703,0
2067,99621,AAPL,175.0399933,171.2700043,170.0158386,171.2599945,175.0899963,37054900,3/21/2018,172.2940521,-3.9409333,0
2068,99633,AAPL,170,168.8500061,167.6135559,168.6000061,172.6799927,41490800,3/22/2018,168.6360168,-2.4022827,0
2069,99637,AAPL,168.3899994,164.9400024,163.732193,164.9400024,169.9199982,41028800,3/23/2018,165.6133041,-3.8813629,0
2070,99650,AAPL,168.0700073,172.7700043,171.5048676,166.4400024,173.1000061,37541200,3/26/2018,160.560585,7.7726746,1
2071,99657,AAPL,173.6799927,168.3399963,167.1072998,166.9199982,175.1499939,40922600,3/27/2018,168.3630447,-4.3975678,0
2072,99670,AAPL,167.25,166.4799957,165.26091,165.1900024,170.0200043,41668500,3/28/2018,169.0529556,-1.8463898,0
2073,99674,AAPL,167.8099976,167.7799988,166.5513916,166.8999939,171.75,38398500,3/29/2018,166.9484634,1.2904816,1
2074,99688,AAPL,166.6399994,166.6799927,165.4594421,164.4700012,168.9400024,37586800,4/2/2018,163.4294128,-1.0919495,0
2075,99693,AAPL,167.6399994,168.3899994,167.1569214,164.8800049,168.75,30278000,4/3/2018,165.181488,1.6974793,1
2076,99706,AAPL,164.8800049,171.6100006,170.353363,164.7700043,172.0099945,34605500,4/4/2018,167.2561874,3.1964416,1
2077,99711,AAPL,172.5800018,172.8000031,171.5346375,172.0800018,174.2299957,26933200,4/5/2018,170.6561279,1.1812745,1
2078,99726,AAPL,170.9700012,168.3800049,167.1470184,168.1999969,172.4799957,35005300,4/6/2018,173.9815979,-4.3876191,0
2079,99731,AAPL,169.8800049,170.0500031,168.8047791,169.8500061,173.0899963,29017700,4/9/2018,169.3358765,1.6577607,1
2080,99773,AAPL,173,173.25,171.9813385,171.5299988,174,28408600,4/10/2018,167.2016068,3.1765594,1
2081,99800,AAPL,172.2299957,172.4400024,171.1772766,171.6999969,173.9199982,22431600,4/11/2018,170.6164093,-0.8040619,0
2082,99815,AAPL,173.4100037,174.1399994,172.8648224,173.0399933,175,22889300,4/12/2018,173.5944366,1.6875458,1
2083,99820,AAPL,174.7799988,174.7299957,173.4505005,173.8500061,175.8399963,25124300,4/13/2018,174.0510712,0.5856781,1
2084,99842,AAPL,175.0299988,175.8200073,174.5325317,174.8300018,176.1900024,21578400,4/16/2018,173.8922424,1.0820312,1
2085,99849,AAPL,176.4900055,178.2400055,176.9347992,176.4100037,178.9400024,26605400,4/17/2018,175.6691437,2.4022675,1
2086,99888,AAPL,177.8099976,177.8399963,176.5377197,176.8800049,178.8200073,20754500,4/18/2018,177.7686539,-0.3970795,0
2087,99892,AAPL,173.7599945,172.8000031,171.5346375,172.6600037,175.3899994,34808800,4/19/2018,178.2798691,-5.0030822,0
2088,99955,AAPL,170.6000061,165.7200012,164.5064697,165.4299927,171.2200012,65491100,4/20/2018,172.5372314,-7.0281678,0
2089,99960,AAPL,166.8300018,165.2400055,164.0299988,164.0899963,166.9199982,36515500,4/23/2018,161.8063889,-0.4764709,0
2090,99961,AAPL,165.6699982,162.9400024,161.7468414,161.2200012,166.3300018,33692000,4/24/2018,158.0143738,-2.2831574,0
2091,99962,AAPL,162.6199951,163.6499939,162.4516296,162.4100037,165.4199982,28382100,4/25/2018,157.9945221,0.7047882,1
2092,99963,AAPL,164.1199951,164.2200012,163.0174713,163.3699951,165.7299957,27963000,4/26/2018,161.0718155,0.5658417,1
2093,99964,AAPL,164,162.3200073,161.1313782,160.6300049,164.3300018,35655800,4/27/2018,162.2282867,-1.8860931,0
2094,99965,AAPL,162.1300049,165.2599945,164.0498352,161.8399963,167.2599945,42427400,4/30/2018,161.7666931,2.918457,1
2095,99966,AAPL,166.4100037,169.1000061,167.8617249,165.2700043,169.1999969,53569400,5/1/2018,163.3897095,3.8118897,1
2096,99967,AAPL,175.2299957,176.5700073,175.2770386,173.8000031,177.75,66539400,5/2/2018,168.3779068,7.4153137,1
2097,99968,AAPL,175.8800049,176.8899994,175.5946808,174.4400024,177.5,34068200,5/3/2018,178.6422119,0.3176422,1
2098,99969,AAPL,178.25,183.8300018,182.4838562,178.1699982,184.25,56201300,5/4/2018,181.2082825,6.8891754,1
2099,99970,AAPL,185.1799927,185.1600037,183.8041229,184.75,187.6699982,42451400,5/7/2018,186.3503342,1.3202667,1
2100,99971,AAPL,184.9900055,186.0500031,184.6876068,183.6699982,186.2200012,28402800,5/8/2018,187.4075317,0.8834839,1
2101,99972,AAPL,186.5500031,187.3600006,185.9880219,185.2200012,187.3999939,23211200,5/9/2018,188.7923279,1.3004151,1
2102,99973,AAPL,187.7400055,190.0399933,188.6483917,187.6499939,190.3699951,27989300,5/10/2018,187.0898972,2.6603698,1
2103,99974,AAPL,189.4900055,188.5899963,187.9309082,187.4499969,190.0599976,26212200,5/11/2018,189.7403412,-0.7174835,0
2104,100061,AAPL,189.0099945,188.1499939,187.4924316,187.8600006,189.5299988,20778800,5/14/2018,189.9113007,-0.4384766,0
2105,100065,AAPL,186.7799988,186.4400024,185.7884216,185.1000061,187.0700073,23695200,5/15/2018,188.4638748,-1.70401,0
2106,100101,AAPL,186.0700073,188.1799927,187.5223236,186,188.4600067,19183100,5/16/2018,185.2104416,1.733902,1
2107,100106,AAPL,188,186.9900055,186.3365021,186.3600006,188.9100037,17294000,5/17/2018,186.4510803,-1.1858215,0
2108,100118,AAPL,187.1900024,186.3099976,185.6588745,186.1300049,187.8099976,18297700,5/18/2018,186.3514481,-0.6776276,0
2109,100124,AAPL,188,187.6300049,186.9742584,186.9100037,189.2700043,18400800,5/21/2018,185.9329147,1.3153839,1
2110,100136,AAPL,188.3800049,187.1600037,186.5059052,186.7799988,188.8800049,15240700,5/22/2018,186.0425339,-0.4683532,0
2111,100142,AAPL,186.3500061,188.3600006,187.7017059,185.7599945,188.5,19467900,5/23/2018,186.8247833,1.1958007,1
2112,100154,AAPL,188.7700043,188.1499939,187.4924316,186.2100067,188.8399963,20401000,5/24/2018,188.1252213,-0.2092743,0
2113,100160,AAPL,188.2299957,188.5800018,187.9209442,187.6499939,189.6499939,17461000,5/25/2018,187.8561554,0.4285126,1
2114,100172,AAPL,187.6000061,187.8999939,187.2433167,186.8699951,188.75,22369000,5/29/2018,188.4142075,-0.6776275,0
2115,100178,AAPL,187.7200012,187.5,186.8447113,186.7799988,188,18690500,5/30/2018,187.3529358,-0.3986054,0
2116,100191,AAPL,187.2200012,186.8699951,186.2169037,186.1399994,188.2299957,27482800,5/31/2018,186.7201538,-0.6278076,0
2117,100195,AAPL,187.9900055,190.2400055,189.5751495,187.75,190.2599945,23250400,6/1/2018,185.6787872,3.3582458,1
2118,100207,AAPL,191.6399994,191.8300018,191.1595764,191.3500061,193.4199982,26132000,6/4/2018,189.0619431,1.5844269,1
2119,100212,AAPL,193.0700073,193.3099976,192.6343994,192.3600006,193.9400024,21566000,6/5/2018,192.5247955,1.474823,1
2120,100225,AAPL,193.6300049,193.9799957,193.302063,191.9199982,194.0800018,20933600,6/6/2018,195.1057358,0.6676636,1
2121,100230,AAPL,194.1399994,193.4600067,192.7838898,192.3399963,194.1999969,21347200,6/7/2018,194.8316879,-0.5181732,0
2122,100242,AAPL,191.1699982,191.6999969,191.0300293,189.7700043,192,26656800,6/8/2018,193.8551331,-1.7538605,0
2123,100246,AAPL,191.3500061,191.2299957,190.561676,190.2100067,191.9700012,18308500,6/11/2018,191.1047745,-0.4683533,0
2124,100259,AAPL,191.3899994,192.2799988,191.6080017,191.1499939,192.6100006,16911100,6/12/2018,189.4256592,1.0463257,1
2125,100264,AAPL,192.4199982,190.6999969,190.0335236,190.4400024,192.8800049,21638400,6/13/2018,190.4968948,-1.5744781,0
2126,100278,AAPL,191.5500031,190.8000031,190.1331787,190.2200012,191.5700073,21610100,6/14/2018,190.3225098,0.0996551,1
2127,100283,AAPL,190.0299988,188.8399963,188.1800232,188.2599945,190.1600037,61719200,6/15/2018,189.8691025,-1.9531555,0
2128,100297,AAPL,187.8800049,188.7400055,188.0803833,187.1999969,189.2200012,18484900,6/18/2018,187.4426117,-0.0996399,0
2129,100302,AAPL,185.1399994,185.6900024,185.0410461,183.4499969,186.3300018,33578500,6/19/2018,187.1536331,-3.0393372,0
2130,100315,AAPL,186.3500061,186.5,185.8482056,185.7299957,187.1999969,20628700,6/20/2018,184.0146484,0.8071595,1
2131,100319,AAPL,187.25,185.4600067,184.8118439,184.9400024,188.3500061,25711900,6/21/2018,184.278717,-1.0363617,0
2132,100331,AAPL,186.1199951,184.9199982,184.2737274,184.6999969,186.1499939,27200400,6/22/2018,183.695755,-0.5381165,0
2133,100336,AAPL,183.3999939,182.1699982,181.5333405,180.7299957,184.9199982,31663100,6/25/2018,184.1591263,-2.7403869,0
2134,100348,AAPL,182.9900055,184.4299927,183.7854309,182.5399933,186.5299988,24569200,6/26/2018,180.7461014,2.2520904,1
2135,100353,AAPL,185.2299957,184.1600037,183.5163879,184.0299988,187.2799988,25285300,6/27/2018,182.1461792,-0.269043,0
2136,100366,AAPL,184.1000061,185.5,184.8516998,183.8000031,186.2100067,17365200,6/28/2018,183.2722397,1.3353119,1
2137,100371,AAPL,186.2899933,185.1100006,184.4630737,182.9100037,187.1900024,22737700,6/29/2018,185.8432236,-0.3886261,0
2138,100384,AAPL,183.8200073,187.1799927,186.5258179,183.4199982,187.3000031,17731300,7/2/2018,184.9962082,2.0627442,1
2139,100388,AAPL,187.7899933,183.9199982,183.2772217,183.5399933,187.9499969,13954800,7/3/2018,186.9991608,-3.2485962,0
2140,100401,AAPL,185.2599945,185.3999939,184.7520447,184.2799988,186.4100037,16604200,7/5/2018,184.1142807,1.474823,1
2141,100412,AAPL,185.4199982,187.9700012,187.3130798,185.1999969,188.4299927,17485200,7/6/2018,184.1591187,2.5610351,1
2142,100426,AAPL,189.5,190.5800018,189.9139557,189.3000031,190.6799927,19756600,7/9/2018,186.4261932,2.6008759,1
2143,100432,AAPL,190.7100067,190.3500061,189.6847534,190.1799927,191.2799988,15939100,7/10/2018,191.9318848,-0.2292023,0
2144,100446,AAPL,188.5,187.8800049,187.2233887,187.6100006,189.7799988,18831500,7/11/2018,192.2657089,-2.4613647,0
2145,100447,AAPL,189.5299988,191.0299988,190.362381,189.3099976,191.4100037,18041100,7/12/2018,188.4092255,3.1389923,1
2146,100454,AAPL,191.0800018,191.3300018,190.6613312,190.8999939,191.8399963,12513900,7/13/2018,189.0170975,0.2989502,1
2147,100466,AAPL,191.5200043,190.9100037,190.2427979,190.4199982,192.6499939,15043100,7/16/2018,191.000145,-0.4185333,0
2148,100467,AAPL,189.75,191.4499969,190.780899,189.1999969,191.8699951,15534500,7/17/2018,191.9617691,0.5381011,1
2149,100468,AAPL,191.7799988,190.3999939,189.7345734,189.9299927,191.8000031,16393400,7/18/2018,190.7211075,-1.0463256,0
2150,100469,AAPL,189.6900024,191.8800049,191.2094116,189.6900024,192.5500031,20286800,7/19/2018,189.7943573,1.4748382,1
2151,100470,AAPL,191.7799988,191.4400024,190.7709503,190.1699982,192.4299927,20676200,7/20/2018,190.9552994,-0.4384613,0
2152,100471,AAPL,190.6799927,191.6100006,190.9403534,189.5599976,191.9600067,15989400,7/23/2018,190.9852066,0.1694031,1
2153,100472,AAPL,192.4499969,193,192.3254852,192.0500031,193.6600037,18697900,7/24/2018,191.4585419,1.3851318,1
2154,100473,AAPL,193.0599976,194.8200073,194.1391449,192.4299927,194.8500061,16709900,7/25/2018,192.1909561,1.8136597,1
2155,100474,AAPL,194.6100006,194.2100067,193.5312653,193.6100006,195.9600067,19076000,7/26/2018,194.9164124,-0.6078796,0
2156,100475,AAPL,194.9900055,190.9799957,190.3125458,190.1000061,195.1900024,24024000,7/27/2018,195.130661,-3.2187195,0
2157,100476,AAPL,191.8999939,189.9100037,189.2462921,189.0700073,192.1999969,21029500,7/30/2018,190.9154358,-1.0662537,0
2158,100477,AAPL,190.3000031,190.2899933,189.6249542,189.3399963,192.1399994,39373000,7/31/2018,187.3329926,0.3786621,1
2159,100478,AAPL,199.1300049,201.5,200.7957916,197.3099976,201.7599945,67935700,8/1/2018,187.4824677,11.1708374,1
2160,100479,AAPL,200.5800018,207.3899994,206.6652069,200.3500061,208.3800049,62404000,8/2/2018,200.4519958,5.8694153,1
2161,100480,AAPL,207.0299988,207.9900055,207.2631073,205.4799957,208.7400055,33447400,8/3/2018,212.4399567,0.5979004,1
2162,100481,AAPL,208,209.0700073,208.3393402,207.0700073,209.25,25425400,8/6/2018,215.7832336,1.0762329,1
2163,100482,AAPL,209.3200073,207.1100006,206.3861847,206.7599945,209.5,25587400,8/7/2018,211.572998,-1.9531555,0
2164,100483,AAPL,206.0500031,207.25,206.5256958,204.5200043,207.8099976,22525500,8/8/2018,207.2232513,0.1395111,1
2165,100484,AAPL,207.2799988,208.8800049,208.1499939,207.1999969,209.7799988,23469200,8/9/2018,206.0872345,1.6242981,1
2166,100485,AAPL,207.3600006,207.5299988,207.5299988,206.6699982,209.1000061,24611200,8/10/2018,207.2431717,-0.6199951,0
2167,100486,AAPL,207.6999969,208.8699951,208.8699951,207.6999969,210.9499969,25869100,8/13/2018,208.4119034,1.3399963,1
2168,100487,AAPL,210.1600037,209.75,209.75,208.2599945,210.5599976,20748000,8/14/2018,209.3721466,0.8800049,1
2169,100488,AAPL,209.2200012,210.2400055,210.2400055,208.3300018,210.7400055,28807600,8/15/2018,210.1100006,0.4900055,1
2170,100489,AAPL,211.75,213.3200073,213.3200073,211.4700012,213.8099976,28500400,8/16/2018,211.3500061,3.0800018,1
2171,100490,AAPL,213.4400024,217.5800018,217.5800018,213.1600037,217.9499969,35427000,8/17/2018,214.0050125,4.2599945,1
2172,100491,AAPL,218.1000061,215.4600067,215.4600067,215.1100006,219.1799927,30287700,8/20/2018,219.3650055,-2.1199951,0
2173,100492,AAPL,216.8000031,215.0399933,215.0399933,214.0299988,217.1900024,26159800,8/21/2018,219.1300049,-0.4200134,0
2174,100493,AAPL,214.1000061,215.0500031,215.0500031,213.8399963,216.3600006,19018100,8/22/2018,216.109993,0.0100098,1
2175,100494,AAPL,214.6499939,215.4900055,215.4900055,214.6000061,217.0500031,18883200,8/23/2018,213.7799988,0.4400024,1
2176,100495,AAPL,216.6000061,216.1600037,216.1600037,215.1100006,216.8999939,18469900,8/24/2018,215.2850037,0.6699982,1
