,unnamed:_0,ticker,open,close,adj_close,low,high,volume,date,est_N3
1742,4380939,GOOG,744.5900268554691,750.5,750.5,743.099975585938,754.0,1452500,2016-12-02,736.0132853190099
1743,4380953,GOOG,757.7100219726559,762.52001953125,762.52001953125,752.900024414062,763.900024414062,1394200,2016-12-05,744.6133422851559
1744,4380954,GOOG,764.72998046875,759.109985351562,759.109985351562,757.3400268554691,768.8300170898441,1690700,2016-12-06,768.2467041015627
1745,4380962,GOOG,761.0,771.1900024414059,771.1900024414059,755.7999877929691,771.359985351562,1761000,2016-12-07,765.9866536458327
1746,4380976,GOOG,772.47998046875,776.4199829101559,776.4199829101559,767.22998046875,778.1799926757809,1488100,2016-12-08,772.9433186848952
1747,4380984,GOOG,780.0,789.2899780273441,789.2899780273441,779.02099609375,789.4299926757809,1821900,2016-12-09,786.216654459635
1748,4380998,GOOG,785.0399780273441,789.27001953125,789.27001953125,784.35498046875,791.25,2104100,2016-12-12,797.0666300455734
1749,4381006,GOOG,793.900024414062,796.099975585938,796.099975585938,793.3400268554691,804.380004882812,2145200,2016-12-13,797.8433634440107
1750,4381020,GOOG,797.400024414062,797.0700073242191,797.0700073242191,794.010009765625,804.0,1704200,2016-12-14,798.3633219401046
1751,4381028,GOOG,797.3400268554691,797.849975585938,797.849975585938,792.9199829101559,803.0,1626500,2016-12-15,801.9466552734382
1752,4381042,GOOG,800.400024414062,790.7999877929691,790.7999877929691,790.2899780273441,800.8560180664059,2428300,2016-12-16,798.7566528320317
1753,4381050,GOOG,790.219970703125,794.2000122070309,794.2000122070309,786.27001953125,797.6599731445309,1232100,2016-12-19,788.9699707031255
1754,4381064,GOOG,796.760009765625,796.4199829101559,796.4199829101559,793.27001953125,798.650024414062,951000,2016-12-20,790.6333618164056
1755,4381072,GOOG,795.8400268554691,794.5599975585941,794.5599975585941,787.099975585938,796.676025390625,1211300,2016-12-21,799.4266560872387
1756,4381086,GOOG,792.359985351562,791.260009765625,791.260009765625,788.5800170898441,793.3200073242191,972200,2016-12-22,795.4199829101568
1757,4381094,GOOG,790.900024414062,789.9099731445309,789.9099731445309,787.280029296875,792.739990234375,623400,2016-12-23,788.9200236002607
1758,4381108,GOOG,790.6799926757809,791.5499877929691,791.5499877929691,787.656982421875,797.859985351562,789100,2016-12-27,787.2599690755202
1759,4381116,GOOG,793.7000122070309,785.0499877929691,785.0499877929691,783.2000122070309,794.22998046875,1153800,2016-12-28,791.1966349283857
1760,4381130,GOOG,783.3300170898441,782.7899780273441,782.7899780273441,778.9199829101559,785.9299926757809,742200,2016-12-29,783.9766642252613
1761,4381131,GOOG,782.75,771.8200073242191,771.8200073242191,770.4099731445309,782.780029296875,1770000,2016-12-30,777.7033081054691
1762,4381139,GOOG,778.8099975585941,786.140014648438,786.140014648438,775.7999877929691,789.630004882812,1657300,2017-01-03,766.6566772460941
1763,4381154,GOOG,788.359985351562,786.900024414062,786.900024414062,783.1599731445309,791.3400268554691,1073000,2017-01-04,783.6000366210942
1764,4381155,GOOG,786.0800170898441,794.02001953125,794.02001953125,785.02001953125,794.47998046875,1335200,2017-01-05,796.7000325520827
1765,4381163,GOOG,795.260009765625,806.150024414062,806.150024414062,792.203979492188,807.900024414062,1640200,2017-01-06,796.900024414062
1766,4381177,GOOG,806.400024414062,806.650024414062,806.650024414062,802.8300170898441,809.9660034179691,1272400,2017-01-09,814.940022786458
1767,4381185,GOOG,807.859985351562,804.7899780273441,804.7899780273441,803.510009765625,809.130004882812,1176800,2017-01-10,814.9033610026034
1768,4381199,GOOG,805.0,807.9099731445309,807.9099731445309,801.369995117188,808.150024414062,1065900,2017-01-11,804.5032958984382
1769,4381207,GOOG,807.140014648438,806.359985351562,806.359985351562,799.1699829101559,807.390014648438,1353100,2017-01-12,807.7099405924479
1770,4381221,GOOG,807.47998046875,807.880004882812,807.880004882812,806.6900024414059,811.223999023438,1099200,2017-01-13,807.923319498697
1771,4381229,GOOG,807.0800170898441,804.609985351562,804.609985351562,800.369995117188,807.140014648438,1355800,2017-01-17,807.3533528645828
1772,4381243,GOOG,805.8099975585941,806.0700073242191,806.0700073242191,800.989990234375,806.2050170898441,1294400,2017-01-18,804.533325195312
1773,4381251,GOOG,805.119995117188,802.1749877929691,802.1749877929691,801.7999877929691,809.47998046875,919300,2017-01-19,804.3766682942714
1774,4381266,GOOG,806.9099731445309,805.02001953125,805.02001953125,801.6900024414059,806.9099731445309,1670000,2017-01-20,801.8499959309904
1775,4381274,GOOG,807.25,819.3099975585941,819.3099975585941,803.739990234375,820.869995117188,1963600,2017-01-23,803.3716837565104
1776,4381287,GOOG,822.2999877929691,823.869995117188,823.869995117188,817.8209838867191,825.900024414062,1474000,2017-01-24,825.9700113932295
1777,4381295,GOOG,829.619995117188,835.6699829101559,835.6699829101559,825.0599975585941,835.77001953125,1494500,2017-01-25,834.9166463216153
1778,4381309,GOOG,837.8099975585941,832.150024414062,832.150024414062,827.010009765625,838.0,2973900,2017-01-26,842.6433105468744
1779,4381317,GOOG,834.7100219726559,823.3099975585941,823.3099975585941,820.4400024414059,841.9500122070309,2965800,2017-01-27,838.8433634440094
1780,4381331,GOOG,814.6599731445309,802.3200073242191,802.3200073242191,799.7999877929691,815.8400268554691,3246600,2017-01-30,818.0166829427088
1781,4381339,GOOG,796.859985351562,796.7899780273441,796.7899780273441,790.52001953125,801.25,2160600,2017-01-31,789.4299926757822
1782,4381354,GOOG,799.6799926757809,795.6950073242191,795.6950073242191,791.1900024414059,801.1900024414059,2029700,2017-02-01,780.9533081054691
1783,4381355,GOOG,793.7999877929691,798.530029296875,798.530029296875,792.0,802.7000122070309,1532100,2017-02-02,791.6433308919273
1784,4381363,GOOG,802.989990234375,801.489990234375,801.489990234375,800.369995117188,806.0,1463400,2017-02-03,798.7450561523438
1785,4381378,GOOG,799.7000122070309,801.3400268554691,801.3400268554691,795.25,801.6699829101559,1184500,2017-02-06,804.3666585286456
1786,4381386,GOOG,803.989990234375,806.969970703125,806.969970703125,801.780029296875,810.5,1241200,2017-02-07,803.2633463541672
1787,4381400,GOOG,807.0,808.380004882812,808.380004882812,803.1900024414059,811.8400268554691,1155300,2017-02-08,808.7466430664064
1788,4381408,GOOG,809.510009765625,809.5599975585941,809.5599975585941,804.5399780273441,810.6599731445309,989700,2017-02-09,812.6033121744783
1789,4381422,GOOG,811.7000122070309,813.6699829101559,813.6699829101559,809.780029296875,815.25,1135000,2017-02-10,810.8933512369795
1790,4381430,GOOG,816.0,819.239990234375,819.239990234375,815.489990234375,820.958984375,1213300,2017-02-13,815.8266398111979
1791,4381444,GOOG,819.0,820.4500122070309,820.4500122070309,816.0,823.0,1053600,2017-02-14,823.8366495768225
1792,4381452,GOOG,819.359985351562,818.97998046875,818.97998046875,818.469970703125,823.0,1313600,2017-02-15,824.5666910807289
1793,4381466,GOOG,819.9299926757809,824.1599731445309,824.1599731445309,818.97998046875,824.400024414062,1287600,2017-02-16,819.2966512044269
1794,4381474,GOOG,823.02001953125,828.0700073242191,828.0700073242191,821.655029296875,828.0700073242191,1611000,2017-02-17,824.9066162109372
1795,4381488,GOOG,828.6599731445309,831.6599731445309,831.6599731445309,828.349975585938,833.4500122070309,1262300,2017-02-21,832.8266805013025
1796,4381496,GOOG,828.6599731445309,830.760009765625,830.760009765625,828.640014648438,833.25,982900,2017-02-22,835.4633178710936
1797,4381510,GOOG,830.119995117188,831.3300170898441,831.3300170898441,822.880004882812,832.4600219726559,1472800,2017-02-23,832.8533325195309
1798,4381518,GOOG,827.72998046875,828.640014648438,828.640014648438,824.2000122070309,829.0,1392200,2017-02-24,830.9200439453132
1799,4381531,GOOG,824.5499877929691,829.280029296875,829.280029296875,824.0,830.5,1101500,2017-02-27,828.123352050782
1800,4381539,GOOG,825.609985351562,823.2100219726559,823.2100219726559,820.2000122070309,828.5399780273441,2260800,2017-02-28,827.7000325520833
1801,4381553,GOOG,828.849975585938,835.239990234375,835.239990234375,827.260009765625,836.255004882812,1496500,2017-03-01,821.6133626302076
1802,4381561,GOOG,833.849975585938,830.630004882812,830.630004882812,829.640014648438,834.510009765625,942500,2017-03-02,835.2033081054686
1803,4381575,GOOG,830.5599975585941,829.0800170898441,829.0800170898441,825.7509765625,831.359985351562,896400,2017-03-03,837.1133219401038
1804,4381583,GOOG,826.9500122070309,827.780029296875,827.780029296875,822.400024414062,828.880004882812,1109000,2017-03-06,825.4900309244795
1805,4381597,GOOG,827.400024414062,831.9099731445309,831.9099731445309,826.52001953125,833.4099731445309,1037600,2017-03-07,826.3133748372401
1806,4381605,GOOG,833.510009765625,835.369995117188,835.369995117188,831.7899780273441,838.150024414062,989800,2017-03-08,832.4199625651034
1807,4381619,GOOG,836.0,838.6799926757809,838.6799926757809,834.2100219726559,842.0,1261500,2017-03-09,839.2766316731776
1808,4381627,GOOG,843.280029296875,843.25,843.25,839.5,844.9099731445309,1704000,2017-03-10,842.0900065104165
1809,4381641,GOOG,844.0,845.5399780273441,845.5399780273441,843.25,848.6849975585941,1223600,2017-03-13,846.9800008138017
1810,4381649,GOOG,843.640014648438,845.619995117188,845.619995117188,840.7999877929691,847.239990234375,779900,2017-03-14,849.3499755859382
1811,4381663,GOOG,847.5900268554691,847.2000122070309,847.2000122070309,840.77001953125,848.630004882812,1381500,2017-03-15,847.1733194986987
1812,4381671,GOOG,849.030029296875,848.780029296875,848.780029296875,846.130004882812,850.849975585938,977600,2017-03-16,847.7800292968744
1813,4381685,GOOG,851.609985351562,852.119995117188,852.119995117188,847.109985351562,853.400024414062,1712300,2017-03-17,850.3600463867183
1814,4381693,GOOG,850.010009765625,848.400024414062,848.400024414062,845.150024414062,850.219970703125,1231500,2017-03-20,854.2866617838549
1815,4381707,GOOG,851.400024414062,830.4600219726559,830.4600219726559,829.02001953125,853.5,2463500,2017-03-21,849.3866780598954
1816,4381715,GOOG,831.9099731445309,829.5900268554691,829.5900268554691,827.1799926757809,835.5499877929691,1401500,2017-03-22,822.0000406901032
1817,4381729,GOOG,821.0,817.5800170898441,817.5800170898441,812.2570190429691,822.5700073242191,3487100,2017-03-23,817.3400268554694
1818,4381737,GOOG,820.0800170898441,814.4299926757809,814.4299926757809,808.890014648438,821.9299926757809,1981000,2017-03-24,812.9966837565113
1819,4381751,GOOG,806.9500122070309,819.510009765625,819.510009765625,803.369995117188,821.630004882812,1894300,2017-03-27,805.3733113606766
1820,4381759,GOOG,820.4099731445309,820.9199829101559,820.9199829101559,814.026977539062,825.989990234375,1620500,2017-03-28,819.103332519531
1821,4381773,GOOG,825.0,831.4099731445309,831.4099731445309,822.380004882812,832.765014648438,1786300,2017-03-29,824.7766520182289
1822,4381781,GOOG,833.5,831.5,831.5,829.0,833.6799926757809,1055300,2017-03-30,835.8466186523431
1823,4381795,GOOG,828.969970703125,829.5599975585941,829.5599975585941,827.390014648438,831.640014648438,1401900,2017-03-31,838.5233357747396
1824,4381803,GOOG,829.219970703125,838.5499877929691,838.5499877929691,829.219970703125,840.849975585938,1671500,2017-04-03,828.9733479817716
1825,4381817,GOOG,831.359985351562,834.5700073242191,834.5700073242191,829.036010742188,835.1799926757809,1045400,2017-04-04,840.2533162434902
1826,4381825,GOOG,835.510009765625,831.4099731445309,831.4099731445309,830.719970703125,842.4500122070309,1555300,2017-04-05,839.2366739908857
1827,4381839,GOOG,832.400024414062,827.880004882812,827.880004882812,826.4600219726559,836.390014648438,1254400,2017-04-06,827.7033081054682
1828,4381847,GOOG,827.9600219726559,824.6699829101559,824.6699829101559,820.5130004882809,828.484985351562,1057300,2017-04-07,824.596659342447
1829,4381861,GOOG,825.390014648438,824.72998046875,824.72998046875,823.77001953125,829.349975585938,978900,2017-04-10,821.2466634114579
1830,4381869,GOOG,824.7100219726559,823.349975585938,823.349975585938,817.02001953125,827.427001953125,1079700,2017-04-11,822.6099650065106
1831,4381883,GOOG,821.9299926757809,824.3200073242191,824.3200073242191,821.02001953125,826.6599731445309,900500,2017-04-12,822.9299723307299
1832,4381891,GOOG,822.140014648438,823.5599975585941,823.5599975585941,821.4400024414059,826.380004882812,1122400,2017-04-13,823.7233479817714
1833,4381905,GOOG,825.010009765625,837.1699829101559,837.1699829101559,824.469970703125,837.75,895000,2017-04-17,823.9533487955732
1834,4381913,GOOG,834.219970703125,836.8200073242191,836.8200073242191,832.7100219726559,838.9299926757809,836700,2017-04-18,841.1999715169266
1835,4381926,GOOG,839.7899780273441,838.2100219726559,838.2100219726559,836.2899780273441,842.219970703125,954200,2017-04-19,845.7766723632814
1836,4381934,GOOG,841.4400024414059,841.650024414062,841.650024414062,839.3200073242191,845.2000122070309,959000,2017-04-20,838.4400431315103
1837,4381948,GOOG,842.880004882812,843.1900024414059,843.1900024414059,840.599975585938,843.880004882812,1323600,2017-04-21,843.723368326822
1838,4381956,GOOG,851.2000122070309,862.760009765625,862.760009765625,849.859985351562,863.4500122070309,1372500,2017-04-24,845.9966634114579
1839,4381970,GOOG,865.0,872.2999877929691,872.2999877929691,862.8099975585941,875.0,1672000,2017-04-25,870.3099975585939
1840,4381978,GOOG,874.22998046875,871.72998046875,871.72998046875,867.7479858398441,876.0499877929691,1237200,2017-04-26,888.5266520182298
1841,4381992,GOOG,873.599975585938,874.25,874.25,870.380004882812,875.400024414062,2026800,2017-04-27,877.8999633789064
1842,4382000,GOOG,910.6599731445308,905.9600219726559,905.9600219726559,905.77001953125,916.849975585938,3219500,2017-04-28,874.710001627604
1843,4382014,GOOG,901.9400024414059,912.5700073242192,912.5700073242192,901.4500122070308,915.6799926757808,2116000,2017-05-01,918.2100423177078
1844,4382022,GOOG,909.619995117188,916.4400024414059,916.4400024414059,909.453002929688,920.77001953125,1587200,2017-05-02,935.9133504231776
1845,4382036,GOOG,914.859985351562,927.0399780273441,927.0399780273441,912.5430297851559,928.099975585938,1499500,2017-05-03,922.1366577148436
1846,4382044,GOOG,926.0700073242192,931.6599731445308,931.6599731445308,924.5900268554692,935.9299926757808,1422100,2017-05-04,933.153299967448
1847,4382058,GOOG,933.5399780273441,927.130004882812,927.130004882812,925.2000122070308,934.900024414062,1911300,2017-05-05,940.2666219075518
1848,4382066,GOOG,926.119995117188,934.2999877929692,934.2999877929692,925.260009765625,936.9249877929692,1329800,2017-05-08,928.7000122070303
1849,4382080,GOOG,936.9500122070308,932.1699829101559,932.1699829101559,929.530029296875,937.5,1581800,2017-05-09,933.670003255209
1850,4382088,GOOG,931.97998046875,928.780029296875,928.780029296875,925.1599731445308,932.0,1173900,2017-05-10,936.2399698893229
1851,4382102,GOOG,925.3200073242192,930.599975585938,930.599975585938,923.030029296875,932.530029296875,835000,2017-05-11,926.2300415039058
1852,4382110,GOOG,931.530029296875,932.219970703125,932.219970703125,927.849975585938,933.4400024414059,1050600,2017-05-12,928.9466552734383
1853,4382124,GOOG,932.9500122070308,937.0800170898441,937.0800170898441,929.3400268554692,938.25,1108100,2017-05-15,933.9732666015626
1854,4382132,GOOG,940.0,943.0,943.0,937.5800170898441,943.109985351562,969500,2017-05-16,939.7800292968752
1855,4382146,GOOG,935.6699829101559,919.619995117188,919.619995117188,918.140014648438,939.3330078125,2362100,2017-05-17,948.2133585611981
1856,4382154,GOOG,921.0,930.239990234375,930.239990234375,918.75,933.1699829101559,1596900,2017-05-18,915.773315429688
1857,4382168,GOOG,931.469970703125,934.010009765625,934.010009765625,931.0,937.755004882812,1393000,2017-05-19,918.193318684896
1858,4382176,GOOG,935.0,941.859985351562,941.859985351562,935.0,941.8829956054692,1120400,2017-05-22,942.3466796874997
1859,4382190,GOOG,947.9199829101559,948.8200073242192,948.8200073242192,942.5750122070308,951.4669799804692,1270800,2017-05-23,946.9899902343744
1860,4382198,GOOG,952.97998046875,954.9600219726559,954.9600219726559,949.5,955.0900268554692,1024800,2017-05-24,956.3733317057296
1861,4382212,GOOG,957.3300170898441,969.5399780273441,969.5399780273441,955.469970703125,972.629028320312,1660500,2017-05-25,961.6467081705729
1862,4382220,GOOG,969.7000122070308,971.469970703125,971.469970703125,965.030029296875,974.97998046875,1252000,2017-05-26,978.4933064778646
1863,4382234,GOOG,970.3099975585941,975.880004882812,975.880004882812,969.489990234375,976.2000122070308,1466700,2017-05-30,981.8332722981775
1864,4382242,GOOG,975.02001953125,964.859985351562,964.859985351562,960.1799926757808,979.27001953125,2448100,2017-05-31,978.6366780598951
1865,4382256,GOOG,968.9500122070308,966.9500122070308,966.9500122070308,960.010009765625,971.5,1410500,2017-06-01,964.1266682942701
1866,4382264,GOOG,969.4600219726559,975.599975585938,975.599975585938,966.0,975.880004882812,1751000,2017-06-02,960.3000081380204
1867,4382278,GOOG,976.5499877929692,983.6799926757808,983.6799926757808,975.099975585938,986.9099731445308,1252100,2017-06-05,979.8766479492195
1868,4382286,GOOG,983.1599731445308,976.5700073242192,976.5700073242192,975.140014648438,988.25,1814600,2017-06-06,992.1399739583331
1869,4382300,GOOG,980.0,980.9400024414059,980.9400024414059,975.9400024414059,983.97998046875,1453900,2017-06-07,979.5866902669272
1870,4382308,GOOG,982.349975585938,983.4099731445308,983.4099731445308,977.2000122070308,984.5700073242192,1471500,2017-06-08,977.6566772460938
1871,4382322,GOOG,984.5,949.8300170898441,949.8300170898441,935.630004882812,984.5,3309400,2017-06-09,987.1466267903635
1872,4382330,GOOG,939.5599975585941,942.900024414062,942.900024414062,915.2329711914059,949.35498046875,3763500,2017-06-12,940.2833455403651
1873,4382344,GOOG,951.9099731445308,953.400024414062,953.400024414062,944.0900268554692,959.97998046875,2013300,2017-06-13,918.2033894856769
1874,4382352,GOOG,959.9199829101559,950.760009765625,950.760009765625,942.25,961.150024414062,1489700,2017-06-14,952.2800292968741
1875,4382365,GOOG,933.969970703125,942.3099975585941,942.3099975585941,924.4400024414059,943.338989257812,2133100,2017-06-15,956.8800048828126
1876,4382373,GOOG,940.0,939.780029296875,939.780029296875,931.594970703125,942.0399780273441,3094700,2017-06-16,937.7333170572924
1877,4382387,GOOG,949.9600219726559,957.369995117188,957.369995117188,949.0499877929692,959.989990234375,1533300,2017-06-19,933.3033650716147
1878,4382395,GOOG,957.52001953125,950.630004882812,950.630004882812,950.010009765625,961.619995117188,1126000,2017-06-20,961.5466715494796
1879,4382409,GOOG,953.640014648438,959.4500122070308,959.4500122070308,950.760009765625,960.099975585938,1202200,2017-06-21,960.109985351562
1880,4382417,GOOG,958.7000122070308,957.0900268554692,957.0900268554692,954.5499877929692,960.719970703125,941400,2017-06-22,957.8966878255197
1881,4382431,GOOG,956.8300170898441,965.5900268554692,965.5900268554692,954.2000122070308,966.0,1527900,2017-06-23,962.1833699544278
1882,4382439,GOOG,969.900024414062,952.27001953125,952.27001953125,950.7899780273441,973.3099975585941,1598400,2017-06-26,966.8500366210948
1883,4382453,GOOG,942.4600219726559,927.3300170898441,927.3300170898441,926.849975585938,948.2899780273441,2579900,2017-06-27,953.4966837565103
1884,4382461,GOOG,929.0,940.489990234375,940.489990234375,916.0,942.75,2721400,2017-06-28,910.136678059896
1885,4382475,GOOG,929.9199829101559,917.7899780273441,917.7899780273441,910.619995117188,931.260009765625,3299200,2017-06-29,928.2499796549481
1886,4382483,GOOG,926.0499877929692,908.72998046875,908.72998046875,908.3099975585941,926.0499877929692,2090200,2017-06-30,918.9966227213545
1887,4382498,GOOG,912.1799926757808,898.7000122070309,898.7000122070309,894.7899780273441,913.9400024414059,1709800,2017-07-03,890.5766398111981
1888,4382506,GOOG,901.760009765625,911.7100219726559,911.7100219726559,898.5,914.510009765625,1813900,2017-07-05,889.3166910807284
1889,4382520,GOOG,904.119995117188,906.6900024414059,906.6900024414059,899.7000122070309,914.943969726562,1424500,2017-07-06,909.3600463867181
1890,4382528,GOOG,908.849975585938,918.5900268554692,918.5900268554692,908.849975585938,921.5399780273441,1637800,2017-07-07,913.6900024414059
1891,4382541,GOOG,921.77001953125,928.7999877929692,928.7999877929692,919.5900268554692,930.380004882812,1192800,2017-07-10,919.210021972657
1892,4382549,GOOG,929.5399780273441,930.0900268554692,930.0900268554692,922.0,931.4299926757808,1113200,2017-07-11,940.1366577148447
1893,4382563,GOOG,938.6799926757808,943.8300170898441,943.8300170898441,934.469970703125,946.2999877929692,1532100,2017-07-12,937.3266805013026
1894,4382571,GOOG,946.2899780273441,947.1599731445308,947.1599731445308,943.010009765625,954.4500122070308,1294700,2017-07-13,949.2700398763025
1895,4382586,GOOG,952.0,955.989990234375,955.989990234375,948.005004882812,956.9099731445308,1053800,2017-07-14,957.4299519856763
1896,4382594,GOOG,957.0,953.4199829101559,953.4199829101559,949.2410278320308,960.739990234375,1165500,2017-07-17,961.1532999674475
1897,4382608,GOOG,953.0,965.400024414062,965.400024414062,950.599975585938,968.0399780273441,1154000,2017-07-18,958.449991861979
1898,4382616,GOOG,967.8400268554692,970.890014648438,970.890014648438,964.030029296875,973.0399780273441,1224500,2017-07-19,967.6800333658847
1899,4382630,GOOG,975.0,968.150024414062,968.150024414062,961.510009765625,975.900024414062,1624500,2017-07-20,980.7067057291673
1900,4382638,GOOG,962.25,972.9199829101559,972.9199829101559,960.150024414062,973.22998046875,1711000,2017-07-21,970.8966878255206
1901,4382652,GOOG,972.219970703125,980.3400268554692,980.3400268554692,970.77001953125,986.2000122070308,3248300,2017-07-24,972.6833089192698
1902,4382660,GOOG,953.8099975585941,950.7000122070308,950.7000122070308,945.400024414062,959.7000122070308,4661000,2017-07-25,985.9933471679695
1903,4382674,GOOG,954.6799926757808,947.7999877929692,947.7999877929692,942.2789916992192,955.0,2088300,2017-07-26,945.7667032877602
1904,4382682,GOOG,951.780029296875,934.0900268554692,934.0900268554692,920.0,951.780029296875,3213000,2017-07-27,927.0733032226564
1905,4382696,GOOG,929.400024414062,941.530029296875,941.530029296875,927.5,943.8300170898441,1846400,2017-07-28,927.5866902669281
1906,4382704,GOOG,941.890014648438,930.5,930.5,926.0399780273441,943.5900268554692,1970100,2017-07-31,934.8700561523436
1907,4382717,GOOG,932.380004882812,930.8300170898441,930.8300170898441,929.260009765625,937.447021484375,1277700,2017-08-01,931.7833251953122
1908,4382725,GOOG,928.609985351562,930.390014648438,930.390014648438,916.6799926757808,932.599975585938,1824400,2017-08-02,923.5866699218755
1909,4382739,GOOG,930.3400268554692,923.650024414062,923.650024414062,922.239990234375,932.239990234375,1202500,2017-08-03,930.4633585611987
1910,4382747,GOOG,926.75,927.9600219726559,927.9600219726559,923.030029296875,930.307006835938,1082300,2017-08-04,921.1100260416661
1911,4382761,GOOG,929.0599975585941,929.359985351562,929.359985351562,926.5,931.7000122070308,1032200,2017-08-07,924.9033610026032
1912,4382769,GOOG,927.0900268554692,926.7899780273441,926.7899780273441,925.609985351562,935.8140258789059,1061600,2017-08-08,932.6999715169267
1913,4382783,GOOG,920.609985351562,922.900024414062,922.900024414062,917.25,925.97998046875,1192100,2017-08-09,926.8666178385422
1914,4382791,GOOG,917.5499877929692,907.239990234375,907.239990234375,906.130004882812,919.260009765625,1824000,2017-08-10,919.8900349934894
1915,4382805,GOOG,907.969970703125,914.390014648438,914.390014648438,905.5800170898441,917.780029296875,1206800,2017-08-11,899.4266764322913
1916,4382813,GOOG,922.530029296875,922.6699829101559,922.6699829101559,918.1900024414059,924.6680297851559,1064500,2017-08-14,906.3333333333343
1917,4382827,GOOG,924.22998046875,922.219970703125,922.219970703125,919.8200073242192,926.5499877929692,883400,2017-08-15,930.1966552734372
1918,4382835,GOOG,925.2899780273441,926.9600219726559,926.9600219726559,923.4450073242192,932.7000122070308,1006700,2017-08-16,927.5899454752599
1919,4382849,GOOG,925.780029296875,910.97998046875,910.97998046875,910.97998046875,926.859985351562,1277200,2017-08-17,928.2400309244789
1920,4382857,GOOG,910.3099975585941,910.6699829101559,910.6699829101559,907.1539916992192,915.275024414062,1342700,2017-08-18,908.8133341471353
1921,4382871,GOOG,910.0,906.6599731445308,906.6599731445308,903.400024414062,913.0,943400,2017-08-21,899.9132893880205
1922,4382879,GOOG,912.719970703125,924.6900024414059,924.6900024414059,911.474975585938,925.859985351562,1166700,2017-08-22,905.116638183593
1923,4382893,GOOG,921.9299926757808,927.0,927.0,919.359985351562,929.9299926757808,1090200,2017-08-23,928.0266723632808
1924,4382901,GOOG,928.6599731445308,921.280029296875,921.280029296875,915.5,930.8400268554692,1270300,2017-08-24,939.7900187174481
1925,4382915,GOOG,923.489990234375,915.890014648438,915.890014648438,915.5,925.5549926757808,1053400,2017-08-25,920.9133707682294
1926,4382923,GOOG,916.0,913.8099975585941,913.8099975585941,911.869995117188,919.244995117188,1086500,2017-08-28,910.2800292968756
1927,4382937,GOOG,905.099975585938,921.2899780273441,921.2899780273441,905.0,923.3300170898441,1185600,2017-08-29,909.5233154296882
1928,4382945,GOOG,920.0499877929692,929.5700073242192,929.5700073242192,919.650024414062,930.818969726562,1301200,2017-08-30,922.396626790365
1929,4382959,GOOG,931.760009765625,939.3300170898441,939.3300170898441,931.760009765625,941.97998046875,1582600,2017-08-31,937.3166707356775
1930,4382967,GOOG,941.130004882812,937.3400268554692,937.3400268554692,935.150024414062,942.47998046875,947400,2017-09-01,948.1033732096358
1931,4382981,GOOG,933.0800170898441,928.4500122070308,928.4500122070308,921.9600219726559,937.0,1326400,2017-09-05,943.1833699544276
1932,4382989,GOOG,930.150024414062,927.8099975585941,927.8099975585941,919.27001953125,930.9149780273441,1527700,2017-09-06,924.1600138346348
1933,4383003,GOOG,931.72998046875,935.9500122070308,935.9500122070308,923.619995117188,936.4099731445308,1212700,2017-09-07,921.6699829101562
1934,4383011,GOOG,936.489990234375,926.5,926.5,924.880004882812,936.989990234375,1011500,2017-09-08,938.2366739908853
1935,4383024,GOOG,934.25,929.0800170898441,929.0800170898441,926.9199829101559,938.380004882812,1267000,2017-09-11,928.7766723632809
1936,4383032,GOOG,932.5900268554692,932.0700073242192,932.0700073242192,923.8610229492192,933.47998046875,1134400,2017-09-12,923.6400146484383
1937,4383045,GOOG,930.6599731445308,935.0900268554692,935.0900268554692,929.859985351562,937.25,1102600,2017-09-13,934.786682128907
1938,4383053,GOOG,931.25,925.109985351562,925.109985351562,924.0,932.77001953125,1397600,2017-09-14,938.0900268554693
1939,4383067,GOOG,924.6599731445308,920.2899780273441,920.2899780273441,916.359985351562,926.489990234375,2505400,2017-09-15,923.7966512044263
1940,4383075,GOOG,920.010009765625,915.0,915.0,910.599975585938,922.0800170898441,1306900,2017-09-18,912.0299479166667
1941,4383088,GOOG,917.4199829101559,921.8099975585941,921.8099975585941,912.5499877929692,922.4199829101559,936700,2017-09-19,910.0233357747401
1942,4383096,GOOG,922.97998046875,931.5800170898441,931.5800170898441,922.0,933.880004882812,1669800,2017-09-20,920.5533447265628
1943,4383109,GOOG,933.0,932.4500122070308,932.4500122070308,923.8300170898441,936.530029296875,1290600,2017-09-21,939.3766886393236
1944,4383117,GOOG,927.75,928.530029296875,928.530029296875,926.47998046875,934.72998046875,1052700,2017-09-22,939.253356933593
1945,4383131,GOOG,925.4500122070308,920.969970703125,920.969970703125,909.7000122070308,926.400024414062,1856800,2017-09-25,927.8033650716143
1946,4383139,GOOG,923.719970703125,924.859985351562,924.859985351562,921.140014648438,930.8200073242192,1666900,2017-09-26,915.8366292317711
1947,4383152,GOOG,927.739990234375,944.489990234375,944.489990234375,927.739990234375,949.900024414062,2239400,2017-09-27,921.1166178385411
1948,4383159,GOOG,941.359985351562,949.5,949.5,940.5499877929692,950.6900024414059,1020300,2017-09-28,953.6266682942706
1949,4383172,GOOG,952.0,959.109985351562,959.109985351562,951.510009765625,959.786010742188,1581000,2017-09-29,964.2566731770836
1950,4383178,GOOG,959.97998046875,953.27001953125,953.27001953125,947.8400268554692,962.5399780273441,1283400,2017-10-02,965.6533203124994
1951,4383190,GOOG,954.0,957.7899780273441,957.7899780273441,949.140014648438,958.0,888300,2017-10-03,957.730021158854
1952,4383196,GOOG,957.0,951.6799926757808,951.6799926757808,950.6900024414059,960.390014648438,952400,2017-10-04,955.4033203125008
1953,4383210,GOOG,955.489990234375,969.9600219726559,969.9600219726559,955.1799926757808,970.9099731445308,1213800,2017-10-05,952.6566365559892
1954,4383216,GOOG,966.7000122070308,978.890014648438,978.890014648438,963.359985351562,979.4600219726559,1173900,2017-10-06,971.9800415039055
1955,4383230,GOOG,980.0,977.0,977.0,976.109985351562,985.4249877929692,891400,2017-10-09,994.0533650716153
1956,4383236,GOOG,980.0,972.599975585938,972.599975585938,966.0800170898441,981.5700073242192,968400,2017-10-10,982.3233235677087
1957,4383249,GOOG,973.719970703125,989.25,989.25,972.25,990.7100219726559,1693300,2017-10-11,969.8732910156253
1958,4383255,GOOG,987.4500122070308,987.8300170898441,987.8300170898441,985.0,994.119995117188,1262400,2017-10-12,991.866658528646
1959,4383269,GOOG,992.0,989.6799926757808,989.6799926757808,989.0,997.2100219726559,1169800,2017-10-13,998.4567057291669
1960,4383275,GOOG,992.099975585938,992.0,992.0,984.0,993.906982421875,910500,2017-10-16,989.3499959309892
1961,4383290,GOOG,990.2899780273441,992.1799926757808,992.1799926757808,988.5900268554692,996.4400024414059,1290200,2017-10-17,994.0066528320309
1962,4383296,GOOG,991.77001953125,992.8099975585941,992.8099975585941,986.974975585938,996.719970703125,1057600,2017-10-18,993.7866617838539
1963,4383310,GOOG,986.0,984.4500122070308,984.4500122070308,978.390014648438,988.880004882812,1313600,2017-10-19,993.1399943033857
1964,4383316,GOOG,989.4400024414059,988.2000122070308,988.2000122070308,984.5800170898441,991.0,1183200,2017-10-20,982.0833536783853
1965,4383331,GOOG,989.52001953125,968.4500122070308,968.4500122070308,966.119995117188,989.52001953125,1478400,2017-10-23,983.876688639322
1966,4383337,GOOG,970.0,970.5399780273441,970.5399780273441,961.0,972.22998046875,1212200,2017-10-24,964.3666788736974
1967,4383352,GOOG,968.369995117188,973.3300170898441,973.3300170898441,960.52001953125,976.0900268554692,1211300,2017-10-25,958.0699666341152
1968,4383358,GOOG,980.0,972.5599975585941,972.5599975585941,972.2000122070308,987.599975585938,2042100,2017-10-26,975.653340657553
1969,4383373,GOOG,1009.1900024414101,1019.27001953125,1019.27001953125,1008.20001220703,1048.39001464844,5167700,2017-10-27,974.1633504231773
1970,4383379,GOOG,1014.0,1017.1099853515601,1017.1099853515601,1007.5,1024.96997070312,2085100,2017-10-30,1034.326680501302
1971,4383393,GOOG,1015.21997070312,1016.6400146484399,1016.6400146484399,1010.4199829101601,1024.0,1330700,2017-10-31,1047.5299886067673
1972,4383399,GOOG,1017.2100219726601,1025.5,1025.5,1016.95001220703,1029.67004394531,1373400,2017-11-01,1015.0433349609399
1973,4383413,GOOG,1021.76000976562,1025.57995605469,1025.57995605469,1013.01000976562,1028.08996582031,1049000,2017-11-02,1028.14001464844
1974,4383419,GOOG,1022.1099853515601,1032.47998046875,1032.47998046875,1020.3099975585899,1032.65002441406,1076400,2017-11-03,1031.51326497396
1975,4383433,GOOG,1028.98999023438,1025.90002441406,1025.90002441406,1025.0,1034.86999511719,1125200,2017-11-06,1034.8332926432302
1976,4383439,GOOG,1027.27001953125,1033.32995605469,1033.32995605469,1025.13000488281,1033.96997070312,1112300,2017-11-07,1028.3067220052033
1977,4383453,GOOG,1030.52001953125,1039.84997558594,1039.84997558594,1028.44995117188,1043.52197265625,1088700,2017-11-08,1031.4199625651067
1978,4383459,GOOG,1033.98999023438,1031.26000976562,1031.26000976562,1019.666015625,1033.98999023438,1245200,2017-11-09,1046.9766031901102
1979,4383473,GOOG,1026.4599609375,1028.06994628906,1028.06994628906,1025.28002929688,1030.76000976562,720000,2017-11-10,1032.7433675130133
1980,4383479,GOOG,1023.4199829101601,1025.75,1025.75,1022.57000732422,1031.57995605469,885800,2017-11-13,1021.2799479166599
1981,4383495,GOOG,1022.59002685547,1026.0,1026.0,1014.1500244140601,1026.81005859375,959200,2017-11-14,1022.84997558594
1982,4383501,GOOG,1019.2100219726601,1020.90997314453,1020.90997314453,1015.4199829101601,1024.08996582031,854000,2017-11-15,1024.5367024739598
1983,4383517,GOOG,1022.52001953125,1032.5,1032.5,1022.52001953125,1035.92004394531,1129700,2017-11-16,1019.3799641927067
1984,4383523,GOOG,1034.01000976562,1019.09002685547,1019.09002685547,1017.75,1034.42004394531,1397100,2017-11-17,1032.9699910481766
1985,4383537,GOOG,1020.26000976562,1018.3800048828101,1018.3800048828101,1017.5,1022.6099853515601,953500,2017-11-20,1022.3467203776069
1986,4383543,GOOG,1023.3099975585899,1034.48999023438,1034.48999023438,1022.65502929688,1035.10998535156,1097000,2017-11-21,1009.2033487955704
1987,4383557,GOOG,1035.0,1035.9599609375,1035.9599609375,1031.43005371094,1039.7060546875,746300,2017-11-22,1039.3866373697967
1988,4383563,GOOG,1035.86999511719,1040.60998535156,1040.60998535156,1035.0,1043.17797851562,537000,2017-11-24,1047.1899414062534
1989,4383579,GOOG,1040.0,1054.2099609375,1054.2099609375,1038.43994140625,1055.4599609375,1307900,2017-11-27,1043.1399739583267
1990,4383585,GOOG,1055.08996582031,1047.41003417969,1047.41003417969,1040.0,1062.375,1424400,2017-11-28,1061.8433024088533
1991,4383598,GOOG,1042.68005371094,1021.65997314453,1021.65997314453,1015.6500244140601,1044.07995605469,2459400,2017-11-29,1054.2100423177133
1992,4383604,GOOG,1022.3699951171899,1021.40997314453,1021.40997314453,1015.0,1028.48999023438,1724000,2017-11-30,1008.5433349609368
1993,4383617,GOOG,1015.79998779297,1010.1699829101601,1010.1699829101601,1002.02001953125,1022.48999023438,1909600,2017-12-01,1004.1599324544233
1994,4383623,GOOG,1012.65997314453,998.6799926757808,998.6799926757808,995.5700073242192,1016.0999755859399,1906400,2017-12-04,1006.2566528320368
1995,4383636,GOOG,995.9400024414059,1005.1500244140601,1005.1500244140601,988.280029296875,1020.6099853515601,2067300,2017-12-05,987.3566691080745
1996,4383642,GOOG,1001.5,1018.3800048828101,1018.3800048828101,1001.1400146484399,1024.96997070312,1272000,2017-12-06,999.646708170567
1997,4383656,GOOG,1020.42999267578,1030.93005371094,1030.93005371094,1018.07098388672,1034.23999023438,1458200,2017-12-07,1027.1033528645798
1998,4383662,GOOG,1037.48999023438,1037.05004882812,1037.05004882812,1032.52197265625,1042.05004882812,1290800,2017-12-08,1043.9333902994833
1999,4383676,GOOG,1035.5,1041.09997558594,1041.09997558594,1032.05004882812,1043.80004882812,1192800,2017-12-11,1047.4567464192667
2000,4383682,GOOG,1039.63000488281,1040.47998046875,1040.47998046875,1033.68994140625,1050.31005859375,1279500,2017-12-12,1046.5299479166667
2001,4383698,GOOG,1046.11999511719,1040.60998535156,1040.60998535156,1038.38000488281,1046.6650390625,1282700,2017-12-13,1042.9732666015666
2002,4383704,GOOG,1045.0,1049.15002441406,1049.15002441406,1043.10998535156,1058.5,1558700,2017-12-14,1040.23999023437
2003,4383718,GOOG,1054.60998535156,1064.18994140625,1064.18994140625,1049.5,1067.61999511719,3275900,2017-12-15,1052.0833740234332
2004,4383724,GOOG,1066.07995605469,1077.14001464844,1077.14001464844,1062.0,1078.48999023438,1554600,2017-12-18,1074.8966064453134
2005,4383738,GOOG,1075.19995117188,1070.68005371094,1070.68005371094,1063.55004882812,1076.83996582031,1338700,2017-12-19,1091.4833170572967
2006,4383744,GOOG,1071.78002929688,1064.94995117188,1064.94995117188,1061.52001953125,1073.38000488281,1268600,2017-12-20,1077.1601155599
2007,4383757,GOOG,1064.94995117188,1063.63000488281,1063.63000488281,1061.7939453125,1069.32995605469,995700,2017-12-21,1058.7332763671934
2008,4383763,GOOG,1061.10998535156,1060.11999511719,1060.11999511719,1059.43994140625,1064.19995117188,755100,2017-12-22,1059.3699544270798
2009,4383777,GOOG,1058.06994628906,1056.73999023438,1056.73999023438,1050.19995117188,1060.11999511719,760600,2017-12-26,1058.07002766927
2010,4383783,GOOG,1057.39001464844,1049.36999511719,1049.36999511719,1048.05004882812,1058.36999511719,1271900,2017-12-27,1053.2733154296966
2011,4383795,GOOG,1051.59997558594,1048.14001464844,1048.14001464844,1044.77001953125,1054.75,837100,2017-12-28,1044.6599934895867
2012,4383801,GOOG,1046.71997070312,1046.40002441406,1046.40002441406,1044.90002441406,1049.69995117188,887500,2017-12-29,1042.81669108073
2013,4383815,GOOG,1048.33996582031,1065.0,1065.0,1045.22998046875,1066.93994140625,1237600,2018-01-02,1045.0000406901001
2014,4383821,GOOG,1064.31005859375,1082.47998046875,1082.47998046875,1063.2099609375,1086.2900390625,1430200,2018-01-03,1070.0399983723933
2015,4383834,GOOG,1088.0,1086.40002441406,1086.40002441406,1084.001953125,1093.56994628906,1004600,2018-01-04,1100.7066243489598
2016,4383840,GOOG,1094.0,1102.22998046875,1102.22998046875,1092.0,1104.25,1279100,2018-01-05,1099.3600260416633
2017,4383853,GOOG,1102.22998046875,1106.93994140625,1106.93994140625,1101.61999511719,1111.27001953125,1047600,2018-01-08,1110.1199951171866
2018,4383859,GOOG,1109.40002441406,1106.26000976562,1106.26000976562,1101.23095703125,1110.56994628906,902500,2018-01-09,1119.0632324218766
2019,4383873,GOOG,1097.09997558594,1102.60998535156,1102.60998535156,1096.10998535156,1104.59997558594,1042800,2018-01-10,1109.1733398437434
2020,4383879,GOOG,1106.30004882812,1105.52001953125,1105.52001953125,1099.58996582031,1106.52502441406,978300,2018-01-11,1100.9400227864535
2021,4383893,GOOG,1102.41003417969,1122.26000976562,1122.26000976562,1101.15002441406,1124.2900390625,1720500,2018-01-12,1104.0566813151067
2022,4383899,GOOG,1132.51000976562,1121.76000976562,1121.76000976562,1117.83203125,1139.91003417969,1575300,2018-01-16,1129.78002929687
2023,4383913,GOOG,1126.21997070312,1131.97998046875,1131.97998046875,1117.01000976562,1132.59997558594,1198700,2018-01-17,1132.7533365885333
2024,4383919,GOOG,1131.41003417969,1129.7900390625,1129.7900390625,1117.5,1132.51000976562,1198200,2018-01-18,1135.05330403646
2025,4383933,GOOG,1131.82995605469,1137.51000976562,1137.51000976562,1128.30004882812,1137.85998535156,1778200,2018-01-19,1135.8733723958367
2026,4383939,GOOG,1137.48999023438,1155.81005859375,1155.81005859375,1135.10998535156,1159.88000488281,1618000,2018-01-22,1138.6233723958267
2027,4383953,GOOG,1159.84997558594,1169.96997070312,1169.96997070312,1158.75,1171.626953125,1333100,2018-01-23,1167.0567220052067
2028,4383959,GOOG,1177.32995605469,1164.23999023438,1164.23999023438,1161.05004882812,1179.85998535156,1416600,2018-01-24,1186.88997395833
2029,4383972,GOOG,1172.53002929688,1170.36999511719,1170.36999511719,1162.76000976562,1175.93994140625,1480500,2018-01-25,1171.7699381510467
2030,4383978,GOOG,1175.07995605469,1175.83996582031,1175.83996582031,1158.10998535156,1175.83996582031,2018800,2018-01-26,1168.5933430989667
2031,4383991,GOOG,1176.47998046875,1175.57995605469,1175.57995605469,1171.97998046875,1186.89001464844,1378900,2018-01-29,1181.7499593098898
2032,4383997,GOOG,1167.82995605469,1163.68994140625,1163.68994140625,1163.52001953125,1176.52001953125,1556300,2018-01-30,1179.1399332682302
2033,4384043,GOOG,1170.56994628906,1169.93994140625,1169.93994140625,1159.13000488281,1173.0,1538700,2018-01-31,1159.5532633463567
2034,4384049,GOOG,1162.60998535156,1167.69995117188,1167.69995117188,1157.52001953125,1174.0,2412100,2018-02-01,1164.0965983072902
2035,4384086,GOOG,1122.0,1111.90002441406,1111.90002441406,1107.27795410156,1123.06994628906,4857900,2018-02-02,1171.11995442709
2036,4384092,GOOG,1090.59997558594,1055.80004882812,1055.80004882812,1052.03002929688,1110.0,3798300,2018-02-05,1091.8067220052067
2037,4384110,GOOG,1027.18005371094,1080.59997558594,1080.59997558594,1023.13702392578,1081.7099609375,3448000,2018-02-06,999.9001057942601
2038,4384126,GOOG,1081.5400390625,1048.57995605469,1048.57995605469,1048.26000976562,1081.78002929688,2369200,2018-02-07,1051.466634114587
2039,4384142,GOOG,1055.41003417969,1001.52001953125,1001.52001953125,1000.65997314453,1058.61999511719,2859100,2018-02-08,1054.4399007161533
2040,4384180,GOOG,1017.25,1037.78002929688,1037.78002929688,992.5599975585941,1043.96997070312,3505900,2018-02-09,964.4866943359365
2041,4384196,GOOG,1048.0,1051.93994140625,1051.93994140625,1040.92797851562,1061.5,2057700,2018-02-12,1018.4934082031299
2042,4384202,GOOG,1045.0,1052.09997558594,1052.09997558594,1044.08703613281,1058.36999511719,1265100,2018-02-13,1080.8332519531266
2043,4384218,GOOG,1048.94995117188,1069.69995117188,1069.69995117188,1046.75,1071.71997070312,1555800,2018-02-14,1061.59326171875
2044,4384224,GOOG,1079.06994628906,1089.52001953125,1089.52001953125,1064.33996582031,1091.47900390625,1843400,2018-02-15,1075.6732991536535
2045,4384239,GOOG,1088.41003417969,1094.80004882812,1094.80004882812,1088.31298828125,1104.67004394531,1681600,2018-02-16,1107.8600260416665
2046,4384245,GOOG,1090.56994628906,1102.4599609375,1102.4599609375,1088.52001953125,1113.94995117188,1423100,2018-02-20,1109.77343749999
2047,4384260,GOOG,1106.46997070312,1111.33996582031,1111.33996582031,1106.32995605469,1133.96997070312,1512900,2018-02-21,1108.5332845052067
2048,4384266,GOOG,1116.18994140625,1106.63000488281,1106.63000488281,1102.58996582031,1122.81994628906,1317200,2018-02-22,1119.4065755208335
2049,4384282,GOOG,1112.64001464844,1126.7900390625,1126.7900390625,1104.71398925781,1127.28002929688,1261000,2018-02-23,1110.98002115885
2050,4384288,GOOG,1127.80004882812,1143.75,1143.75,1126.69494628906,1143.9599609375,1559100,2018-02-26,1130.3700764973967
2051,4384304,GOOG,1141.23999023438,1118.2900390625,1118.2900390625,1118.0,1144.0400390625,1774100,2018-02-27,1162.8433430989598
2052,4384310,GOOG,1123.03002929688,1104.72998046875,1104.72998046875,1103.23999023438,1127.53002929688,1882600,2018-02-28,1121.1100260416667
2053,4384327,GOOG,1107.86999511719,1069.52001953125,1069.52001953125,1067.0009765625,1110.11999511719,2515900,2018-03-01,1083.2366536458333
2054,4384333,GOOG,1053.07995605469,1078.92004394531,1078.92004394531,1048.11499023438,1081.9990234375,2271600,2018-03-02,1048.7433268229167
2055,4384353,GOOG,1075.14001464844,1090.93005371094,1090.93005371094,1069.0,1097.09997558594,1202200,2018-03-05,1058.5800781249966
2056,4384359,GOOG,1099.21997070312,1095.06005859375,1095.06005859375,1089.77502441406,1101.84997558594,1532800,2018-03-06,1101.20007324219
2057,4384375,GOOG,1089.18994140625,1109.64001464844,1109.64001464844,1085.48205566406,1112.21997070312,1292500,2018-03-07,1104.4434000651067
2058,4384381,GOOG,1115.31994628906,1126.0,1126.0,1112.80004882812,1127.59997558594,1355100,2018-03-08,1117.2533365885436
2059,4384406,GOOG,1136.0,1160.0400390625,1160.0400390625,1132.46105957031,1160.80004882812,2128000,2018-03-09,1141.1732991536467
2060,4384412,GOOG,1163.84997558594,1164.5,1164.5,1157.42004394531,1177.05004882812,2172300,2018-03-12,1182.2933756510402
2061,4384425,GOOG,1170.0,1138.17004394531,1138.17004394531,1133.32995605469,1176.76000976562,1907200,2018-03-13,1188.6800130208333
2062,4384503,GOOG,1145.2099609375,1149.48999023438,1149.48999023438,1141.43994140625,1158.58996582031,1291400,2018-03-14,1132.3666992187466
2063,4384517,GOOG,1149.9599609375,1149.57995605469,1149.57995605469,1134.5400390625,1161.07995605469,1395400,2018-03-15,1135.71000162761
2064,4384576,GOOG,1154.14001464844,1135.72998046875,1135.72998046875,1131.9599609375,1155.88000488281,3092000,2018-03-16,1157.15657552084
2065,4384591,GOOG,1120.01000976562,1099.81994628906,1099.81994628906,1089.01000976562,1121.98999023438,2805900,2018-03-19,1131.1732991536433
2066,4384597,GOOG,1099.0,1097.7099609375,1097.7099609375,1083.4599609375,1105.19995117188,1831900,2018-03-20,1078.6166178385367
2067,4384609,GOOG,1092.73999023438,1090.88000488281,1090.88000488281,1085.15002441406,1106.30004882812,1878900,2018-03-21,1073.0666097005198
2068,4384615,GOOG,1081.88000488281,1049.07995605469,1049.07995605469,1045.91003417969,1082.90002441406,2667000,2018-03-22,1087.19669596354
2069,4384628,GOOG,1047.03002929688,1021.57000732422,1021.57000732422,1021.21997070312,1063.35998535156,2156700,2018-03-23,1030.5933024088567
2070,4384634,GOOG,1046.0,1053.2099609375,1053.2099609375,1008.4000244140601,1055.63000488281,2665100,2018-03-26,984.5333251953168
2071,4384648,GOOG,1063.0,1005.0999755859399,1005.0999755859399,996.9199829101559,1064.83898925781,3095300,2018-03-27,1045.4166463216134
2072,4384654,GOOG,998.0,1004.5599975585899,1004.5599975585899,980.640014648438,1024.22998046875,3369300,2018-03-28,1010.1566162109397
2073,4384668,GOOG,1011.6300048828101,1031.7900390625,1031.7900390625,1002.9000244140601,1043.0,2726800,2018-03-29,972.3066813150996
2074,4384683,GOOG,1022.82000732422,1006.46997070312,1006.46997070312,990.369995117188,1034.80004882812,2680400,2018-04-02,1040.5067342122368
2075,4384697,GOOG,1013.90997314453,1013.40997314453,1013.40997314453,994.0700073242192,1020.98999023438,2275100,2018-04-03,1016.1833089192667
2076,4384703,GOOG,993.4099731445308,1025.14001464844,1025.14001464844,993.0,1028.71801757812,2484700,2018-04-04,998.8432617187466
2077,4384716,GOOG,1041.32995605469,1027.81005859375,1027.81005859375,1020.1309814453101,1042.7900390625,1363000,2018-04-05,1033.67669677735
2078,4384722,GOOG,1020.0,1007.0399780273399,1007.0399780273399,1003.03002929688,1031.42004394531,1746400,2018-04-06,1036.52010091146
2079,4384736,GOOG,1016.79998779297,1015.45001220703,1015.45001220703,1014.0800170898399,1039.59997558594,1751600,2018-04-09,1001.8966471354099
2080,4384742,GOOG,1026.43994140625,1031.64001464844,1031.64001464844,1011.34002685547,1036.28002929688,1974500,2018-04-10,1004.4066365559867
2081,4384754,GOOG,1027.98999023438,1019.96997070312,1019.96997070312,1015.8699951171899,1031.36401367188,1483900,2018-04-11,1042.6433715820367
2082,4384762,GOOG,1025.0400390625,1032.51000976562,1032.51000976562,1021.4349975585899,1040.68994140625,1357000,2018-04-12,1026.87329101562
2083,4384774,GOOG,1040.88000488281,1029.27001953125,1029.27001953125,1022.97998046875,1046.42004394531,1223000,2018-04-13,1028.9099934895733
2084,4384781,GOOG,1037.0,1037.97998046875,1037.97998046875,1026.73999023438,1043.23999023438,1211200,2018-04-16,1036.5500488281266
2085,4384793,GOOG,1051.36999511719,1074.16003417969,1074.16003417969,1048.26000976562,1077.88000488281,2320300,2018-04-17,1038.72330729167
2086,4384800,GOOG,1077.43005371094,1072.07995605469,1072.07995605469,1066.22497558594,1077.43005371094,1344100,2018-04-18,1092.0266927083367
2087,4384812,GOOG,1069.40002441406,1087.69995117188,1087.69995117188,1068.18005371094,1094.1650390625,1747700,2018-04-19,1095.5066324869836
2088,4384819,GOOG,1082.0,1072.9599609375,1072.9599609375,1069.56994628906,1092.34997558594,1889700,2018-04-20,1091.5198974609434
2089,4384831,GOOG,1077.85998535156,1067.44995117188,1067.44995117188,1060.69995117188,1082.71997070312,2341300,2018-04-23,1078.4599609375
2090,4384838,GOOG,1052.0,1019.97998046875,1019.97998046875,1010.59002685547,1057.0,4760300,2018-04-24,1055.7866210937534
2091,4384850,GOOG,1025.52001953125,1021.17999267578,1021.17999267578,1015.3099975585899,1032.48999023438,2391100,2018-04-25,1000.4833170572933
2092,4384857,GOOG,1029.51000976562,1040.0400390625,1040.0400390625,1018.1900024414101,1047.97998046875,2079500,2018-04-26,989.93334960937
2093,4384870,GOOG,1046.0,1030.05004882812,1030.05004882812,1025.58996582031,1049.5,1619800,2018-04-27,1047.1267293294266
2094,4384877,GOOG,1030.01000976562,1017.3300170898399,1017.3300170898399,1016.8499755859399,1037.0,1671300,2018-04-30,1039.2934163411398
2095,4384888,GOOG,1013.65997314453,1037.31005859375,1037.31005859375,1008.2100219726601,1038.46997070312,1427900,2018-05-01,1006.4300130208263
2096,4384895,GOOG,1028.09997558594,1024.38000488281,1024.38000488281,1022.8699951171899,1040.38903808594,1603100,2018-05-02,1035.4900512695333
2097,4384907,GOOG,1019.0,1023.71997070312,1023.71997070312,1006.2899780273399,1029.67504882812,1815100,2018-05-03,1033.3900146484368
2098,4384914,GOOG,1016.9000244140601,1048.2099609375,1048.2099609375,1016.9000244140601,1048.51000976562,1938700,2018-05-04,1014.8799235025965
2099,4384926,GOOG,1049.22998046875,1054.7900390625,1054.7900390625,1047.09997558594,1061.68005371094,1466100,2018-05-07,1055.9332682291667
2100,4384932,GOOG,1058.5400390625,1053.91003417969,1053.91003417969,1047.14501953125,1060.55004882812,1217700,2018-05-08,1073.3100585937534
2101,4384943,GOOG,1058.09997558594,1082.76000976562,1082.76000976562,1056.36499023438,1085.43994140625,2032800,2018-05-09,1058.0034179687534
2102,4384950,GOOG,1086.03002929688,1097.56994628906,1097.56994628906,1085.64001464844,1100.43994140625,1443000,2018-05-10,1091.78999837239
2103,4384961,GOOG,1093.59997558594,1098.26000976562,1098.26000976562,1090.91003417969,1101.32995605469,1253700,2018-05-11,1121.73990885416
2104,4384969,GOOG,1100.0,1100.19995117188,1100.19995117188,1099.10998535156,1110.75,1518100,2018-05-14,1108.3633219401001
2105,4384981,GOOG,1090.0,1079.22998046875,1079.22998046875,1073.46997070312,1090.05004882812,1494900,2018-05-15,1101.3066406250068
2106,4384987,GOOG,1077.31005859375,1081.77001953125,1081.77001953125,1076.26000976562,1089.27001953125,1097300,2018-05-16,1073.5332845052133
2107,4384999,GOOG,1079.89001464844,1078.58996582031,1078.58996582031,1073.5,1086.86999511719,1043800,2018-05-17,1068.6367187499966
2108,4385006,GOOG,1061.85998535156,1066.35998535156,1066.35998535156,1060.68005371094,1069.93994140625,1565200,2018-05-18,1079.2233072916633
2109,4385017,GOOG,1074.06005859375,1079.57995605469,1079.57995605469,1073.65002441406,1088.0,1023200,2018-05-21,1060.1632893880164
2110,4385025,GOOG,1083.56005859375,1069.72998046875,1069.72998046875,1066.68994140625,1086.58996582031,1090000,2018-05-22,1075.8332926432333
2111,4385037,GOOG,1065.13000488281,1079.68994140625,1079.68994140625,1061.7099609375,1080.78002929688,1030000,2018-05-23,1075.2599690755233
2112,4385043,GOOG,1079.0,1079.23999023438,1079.23999023438,1066.15002441406,1080.46997070312,756800,2018-05-24,1076.4432779947902
2113,4385055,GOOG,1079.02001953125,1075.66003417969,1075.66003417969,1073.77502441406,1082.56005859375,899400,2018-05-25,1085.7299804687566
2114,4385063,GOOG,1064.89001464844,1060.31994628906,1060.31994628906,1055.21997070312,1073.36999511719,1856900,2018-05-29,1074.16674804688
2115,4385075,GOOG,1063.03002929688,1067.80004882812,1067.80004882812,1056.82995605469,1069.2099609375,1138500,2018-05-30,1052.8199462890566
2116,4385082,GOOG,1067.56005859375,1084.98999023438,1084.98999023438,1067.56005859375,1097.18994140625,3088300,2018-05-31,1060.06669108072
2117,4385093,GOOG,1099.34997558594,1119.5,1119.5,1098.5,1120.0,2412000,2018-06-01,1095.7067057291733
2118,4385101,GOOG,1122.32995605469,1139.2900390625,1139.2900390625,1122.00500488281,1141.89001464844,1880000,2018-06-04,1142.4632975260467
2119,4385113,GOOG,1140.98999023438,1139.66003417969,1139.66003417969,1133.18994140625,1145.73803710938,1678000,2018-06-05,1168.89339192708
2120,4385122,GOOG,1142.17004394531,1136.88000488281,1136.88000488281,1125.74304199219,1143.0,1698200,2018-06-06,1152.9767252604202
2121,4385135,GOOG,1131.31994628906,1123.85998535156,1123.85998535156,1116.52001953125,1135.81994628906,1520000,2018-06-07,1136.1999918619767
2122,4385145,GOOG,1118.18005371094,1120.86999511719,1120.86999511719,1112.15002441406,1126.67004394531,1290800,2018-06-08,1117.6666259765566
2123,4385157,GOOG,1118.59997558594,1129.98999023438,1129.98999023438,1118.59997558594,1137.26000976562,1079300,2018-06-11,1111.1933186848999
2124,4385167,GOOG,1131.06994628906,1139.31994628906,1139.31994628906,1130.73498535156,1139.7900390625,912000,2018-06-12,1131.0366617838633
2125,4385179,GOOG,1141.11999511719,1134.7900390625,1134.7900390625,1133.38000488281,1146.5,1506400,2018-06-13,1148.509928385413
2126,4385189,GOOG,1143.84997558594,1152.11999511719,1152.11999511719,1140.64001464844,1155.46997070312,1343400,2018-06-14,1139.5000406901001
2127,4385201,GOOG,1148.85998535156,1152.26000976562,1152.26000976562,1143.48498535156,1153.42004394531,2122500,2018-06-15,1154.87670898438
2128,4385212,GOOG,1143.65002441406,1173.4599609375,1173.4599609375,1143.58996582031,1174.31005859375,1413700,2018-06-18,1163.8599853515568
2129,4385223,GOOG,1158.5,1168.06005859375,1168.06005859375,1154.01000976562,1171.27001953125,1621000,2018-06-19,1180.6199544270798
2130,4385232,GOOG,1175.31005859375,1169.83996582031,1169.83996582031,1169.16003417969,1186.28601074219,1648500,2018-06-20,1180.3933919270867
2131,4385244,GOOG,1174.84997558594,1157.66003417969,1157.66003417969,1152.23205566406,1177.29504394531,1238100,2018-06-21,1166.8333333333298
2132,4385253,GOOG,1159.14001464844,1155.47998046875,1155.47998046875,1147.26000976562,1162.49694824219,1311000,2018-06-22,1154.7866617838567
2133,4385265,GOOG,1143.59997558594,1124.81005859375,1124.81005859375,1112.78002929688,1143.91003417969,2157300,2018-06-25,1146.6333414713567
2134,4385279,GOOG,1128.0,1118.4599609375,1118.4599609375,1116.65905761719,1133.2099609375,1563200,2018-06-26,1113.1333821614567
2135,4385291,GOOG,1121.33996582031,1103.97998046875,1103.97998046875,1103.61999511719,1131.83605957031,1293900,2018-06-27,1095.8966471354167
2136,4385302,GOOG,1102.08996582031,1114.21997070312,1114.21997070312,1096.01000976562,1122.31005859375,1072400,2018-06-28,1094.919921875
2137,4385314,GOOG,1120.0,1115.65002441406,1115.65002441406,1115.0,1128.22705078125,1315100,2018-06-29,1107.9799804687434
2138,4385331,GOOG,1099.0,1127.4599609375,1127.4599609375,1093.80004882812,1128.0,1217300,2018-07-02,1122.95336914062
2139,4385342,GOOG,1135.81994628906,1102.89001464844,1102.89001464844,1100.02001953125,1135.81994628906,679000,2018-07-03,1132.34997558594
2140,4385350,GOOG,1110.53002929688,1124.27001953125,1124.27001953125,1108.47998046875,1127.5,1066700,2018-07-05,1102.5733235677133
2141,4385366,GOOG,1123.57995605469,1140.17004394531,1140.17004394531,1120.73706054688,1140.93005371094,996100,2018-07-06,1115.0167236328134
2142,4385374,GOOG,1148.47998046875,1154.05004882812,1154.05004882812,1143.42004394531,1154.67004394531,909000,2018-07-09,1159.72338867187
2143,4385386,GOOG,1156.97998046875,1152.83996582031,1152.83996582031,1149.58996582031,1159.58996582031,798400,2018-07-10,1169.27673339843
2144,4385395,GOOG,1144.58996582031,1153.90002441406,1153.90002441406,1141.0,1164.2900390625,1120000,2018-07-11,1161.6899414062466
2145,4385407,GOOG,1159.89001464844,1183.47998046875,1183.47998046875,1155.93505859375,1184.41003417969,1251900,2018-07-12,1153.4466552734366
2146,4385415,GOOG,1185.0,1188.81994628906,1188.81994628906,1180.0,1195.4169921875,1221900,2018-07-13,1194.04667154948
2147,4385427,GOOG,1189.39001464844,1183.85998535156,1183.85998535156,1179.28002929688,1191.0,1055700,2018-07-16,1210.3199055989564
2148,4385435,GOOG,1172.21997070312,1198.80004882812,1198.80004882812,1170.59997558594,1203.0400390625,1610400,2018-07-17,1185.7666422526
2149,4385447,GOOG,1196.56005859375,1195.88000488281,1195.88000488281,1190.33996582031,1204.5,1393600,2018-07-18,1200.4734293619733
2150,4385455,GOOG,1191.0,1186.9599609375,1186.9599609375,1183.31994628906,1200.0,1276700,2018-07-19,1204.8666992187466
2151,4385466,GOOG,1186.9599609375,1184.91003417969,1184.91003417969,1184.21997070312,1196.85998535156,1247400,2018-07-20,1182.03991699219
2152,4385475,GOOG,1181.01000976562,1205.5,1205.5,1181.0,1206.48999023438,2619200,2018-07-23,1178.28002929688
2153,4385487,GOOG,1262.58996582031,1248.07995605469,1248.07995605469,1235.56005859375,1266.0,3318200,2018-07-24,1210.9967041015634
2154,4385496,GOOG,1239.13000488281,1263.69995117188,1263.69995117188,1239.13000488281,1265.85998535156,2127800,2018-07-25,1275.9999186197936
2155,4385507,GOOG,1251.0,1268.32995605469,1268.32995605469,1249.02001953125,1269.77099609375,2405600,2018-07-26,1297.2932535807367
2156,4385515,GOOG,1271.0,1238.5,1238.5,1231.0,1273.89001464844,2130600,2018-07-27,1280.2866210937534
2157,4385526,GOOG,1228.01000976562,1219.73999023438,1219.73999023438,1211.46997070312,1234.916015625,1849900,2018-07-30,1231.6433512369765
2158,4385534,GOOG,1220.01000976562,1217.26000976562,1217.26000976562,1205.59997558594,1227.58801269531,1644700,2018-07-31,1193.6000162760467
2159,4385546,GOOG,1228.0,1220.01000976562,1220.01000976562,1210.2099609375,1233.46997070312,1567200,2018-08-01,1203.9266764322867
2160,4385554,GOOG,1205.90002441406,1226.15002441406,1226.15002441406,1204.7900390625,1229.88000488281,1531300,2018-08-02,1219.27335611978
2161,4385566,GOOG,1229.61999511719,1223.7099609375,1223.7099609375,1215.06005859375,1230.0,1089600,2018-08-03,1230.0300292968732
2162,4385576,GOOG,1225.0,1224.77001953125,1224.77001953125,1215.79699707031,1226.08801269531,1081700,2018-08-06,1226.9899495442735
2163,4385587,GOOG,1237.0,1242.21997070312,1242.21997070312,1236.17004394531,1251.17004394531,1494000,2018-08-07,1223.4966634114598
2164,4385596,GOOG,1240.46997070312,1245.60998535156,1245.60998535156,1238.00805664062,1256.5,1370300,2018-08-08,1248.74332682291
2165,4385608,GOOG,1249.90002441406,1249.09997558594,1249.09997558594,1246.01000976562,1255.5419921875,841800,2018-08-09,1258.37329101562
2166,4385616,GOOG,1243.0,1237.60998535156,1237.60998535156,1232.0,1245.69494628906,1108700,2018-08-10,1252.5233154296934
2167,4385628,GOOG,1236.97998046875,1235.01000976562,1235.01000976562,1233.64099121094,1249.27294921875,958100,2018-08-13,1236.1066487630198
2168,4385629,GOOG,1235.18994140625,1242.09997558594,1242.09997558594,1225.10998535156,1245.86999511719,1348100,2018-08-14,1226.4833577473867
2169,4385637,GOOG,1229.26000976562,1214.38000488281,1214.38000488281,1209.51000976562,1235.23999023438,1828800,2018-08-15,1242.7299804687534
2170,4385649,GOOG,1224.72998046875,1206.48999023438,1206.48999023438,1202.55004882812,1226.0,1343200,2018-08-16,1209.8666585286464
2171,4385658,GOOG,1202.03002929688,1200.9599609375,1200.9599609375,1188.23999023438,1209.02001953125,1389600,2018-08-17,1185.3800048828166
2172,4385670,GOOG,1205.02001953125,1207.77001953125,1207.77001953125,1194.6259765625,1211.0,870800,2018-08-20,1193.8566080729202
2173,4385680,GOOG,1208.0,1201.61999511719,1201.61999511719,1200.35400390625,1217.26000976562,1205600,2018-08-21,1206.35335286458
2174,4385692,GOOG,1200.0,1207.32995605469,1207.32995605469,1199.0,1211.83996582031,887400,2018-08-22,1204.1100260416702
2175,4385700,GOOG,1207.14001464844,1205.38000488281,1205.38000488281,1204.23999023438,1221.28002929688,992600,2018-08-23,1205.13326009115
2176,4385712,GOOG,1208.81994628906,1220.65002441406,1220.65002441406,1206.35900878906,1221.65002441406,946600,2018-08-24,1208.5366617838501
