,ticker,open,close,Adj Close,low,high,volume,Date
6423357,FTV,49.4000015258789,48.5999984741211,48.1122627258301,48.3950004577637,54.3400001525879,6230700,2016-07-05
6423373,FTV,47.0699996948242,47.75,47.270790100097706,46.290000915527294,48.5999984741211,6706500,2016-07-06
6423379,FTV,47.619998931884794,47.7400016784668,47.2608985900879,47.345001220703104,48.0,5486800,2016-07-07
6423400,FTV,47.959999084472706,50.2000007629395,49.69621276855471,47.529998779296896,50.6100006103516,4243500,2016-07-08
6423407,FTV,49.209999084472706,51.119998931884794,50.606971740722706,48.9799995422363,51.2299995422363,6042300,2016-07-11
6423424,FTV,51.0,50.5699996948242,50.0624923706055,50.2599983215332,51.060001373290994,5552900,2016-07-12
6423430,FTV,50.5699996948242,50.619998931884794,50.111988067627,49.83000183105471,51.0999984741211,4864700,2016-07-13
6423447,FTV,50.33000183105471,51.5699996948242,51.052452087402294,49.9500007629395,51.7400016784668,3481600,2016-07-14
6423453,FTV,51.779998779296896,51.2299995422363,50.7158699035645,50.6100006103516,51.9099998474121,3689800,2016-07-15
6423531,FTV,50.7700004577637,51.290000915527294,50.775264739990206,50.5099983215332,51.58000183105471,1557500,2016-07-18
6423542,FTV,51.040000915527294,51.5499992370605,51.032657623290994,50.439998626709006,51.560001373290994,1954700,2016-07-19
6423563,FTV,51.8400001525879,50.3400001525879,49.8347969055176,50.0099983215332,51.91999816894529,3351700,2016-07-20
6423570,FTV,50.4000015258789,50.2400016784668,49.7358055114746,49.9900016784668,50.619998931884794,3029900,2016-07-21
6423587,FTV,50.0,49.4000015258789,48.904239654540994,49.290000915527294,50.290000915527294,2450600,2016-07-22
6423594,FTV,49.220001220703104,48.9799995422363,48.488441467285206,47.8600006103516,49.4500007629395,3044800,2016-07-25
6423612,FTV,48.560001373290994,49.279998779296896,48.7854347229004,48.279998779296896,49.41999816894529,1571400,2016-07-26
6423618,FTV,49.08000183105471,48.91999816894529,48.429050445556605,48.7150001525879,49.5,1628600,2016-07-27
6423635,FTV,48.7400016784668,48.6500015258789,48.1617622375488,48.345001220703104,49.0900001525879,2923100,2016-07-28
6423641,FTV,48.459999084472706,48.209999084472706,47.7261734008789,48.0099983215332,48.7999992370605,4484100,2016-07-29
6423657,FTV,48.1100006103516,47.7999992370605,47.3202896118164,47.5900001525879,48.5099983215332,2981000,2016-08-01
6423663,FTV,47.5,47.5,47.0233001708984,47.1800003051758,48.0200004577637,3267300,2016-08-02
6423679,FTV,47.5,49.279998779296896,48.7854347229004,47.3499984741211,49.4799995422363,4709900,2016-08-03
6423685,FTV,49.5900001525879,50.029998779296896,49.527915954589794,49.4799995422363,50.1100006103516,2946600,2016-08-04
6423701,FTV,50.2599983215332,50.58000183105471,50.072395324707,50.2599983215332,50.9799995422363,2665900,2016-08-05
6423707,FTV,50.630001068115206,50.0499992370605,49.5477066040039,49.939998626709006,50.869998931884794,2116500,2016-08-08
6423723,FTV,48.7299995422363,50.459999084472706,49.9535903930664,48.4210014343262,50.529998779296896,1077900,2016-08-09
6423729,FTV,50.470001220703104,50.4500007629395,49.943695068359396,50.0999984741211,50.7999992370605,1182400,2016-08-10
6423746,FTV,50.7299995422363,52.5499992370605,52.022613525390604,50.7000007629395,52.709999084472706,1988600,2016-08-11
6423752,FTV,52.0,52.709999084472706,52.1810188293457,51.7999992370605,52.869998931884794,1287800,2016-08-12
6423770,FTV,52.9500007629395,53.6599998474121,53.1214790344238,52.8600006103516,53.7700004577637,1457900,2016-08-15
6423776,FTV,53.58000183105471,53.5499992370605,53.0125846862793,53.2700004577637,53.9500007629395,1002300,2016-08-16
6423793,FTV,53.66999816894529,53.4099998474121,52.873992919921896,53.3400001525879,53.7299995422363,1032100,2016-08-17
6423799,FTV,53.220001220703104,53.1599998474121,52.6264991760254,52.9300003051758,53.5200004577637,874700,2016-08-18
6423851,FTV,52.9500007629395,51.91999816894529,51.3989334106445,51.709999084472706,52.9500007629395,1196100,2016-08-19
6423857,FTV,51.91999816894529,51.2599983215332,50.7455635070801,51.08000183105471,52.040000915527294,1081700,2016-08-22
6423873,FTV,51.3600006103516,51.9000015258789,51.379146575927706,51.1399993896484,52.0999984741211,2513600,2016-08-23
6423879,FTV,51.2599983215332,51.369998931884794,50.92314147949221,50.604000091552706,51.779998779296896,692800,2016-08-24
6423895,FTV,51.1800003051758,51.619998931884794,51.170970916748,50.9799995422363,51.8899993896484,1384900,2016-08-25
6423901,FTV,51.6399993896484,51.869998931884794,51.418792724609396,51.529998779296896,52.3400001525879,937600,2016-08-26
6423917,FTV,51.779998779296896,52.4099998474121,51.9540939331055,51.560001373290994,52.790000915527294,980300,2016-08-29
6423923,FTV,52.189998626709006,52.6100006103516,52.1523628234863,52.189998626709006,53.470001220703104,952100,2016-08-30
6423939,FTV,52.470001220703104,52.66999816894529,52.2118339538574,52.0,52.8199996948242,1653600,2016-08-31
6423945,FTV,52.959999084472706,52.630001068115206,52.172183990478494,52.1399993896484,53.1100006103516,959400,2016-09-01
6423961,FTV,53.0200004577637,53.380001068115206,52.9156608581543,52.810001373290994,53.470001220703104,840800,2016-09-02
6423967,FTV,53.5,52.7299995422363,52.27131652832029,52.290000915527294,53.5499992370605,1293800,2016-09-06
6423983,FTV,52.4300003051758,52.939998626709006,52.479488372802706,52.0200004577637,53.119998931884794,1743200,2016-09-07
6423989,FTV,52.6800003051758,52.33000183105471,51.8747978210449,52.2700004577637,52.959999084472706,1040600,2016-09-08
6424005,FTV,51.7700004577637,50.5499992370605,50.1102714538574,50.5499992370605,52.0099983215332,2170700,2016-09-09
6424011,FTV,50.0200004577637,51.209999084472706,50.764533996582,49.8600006103516,51.439998626709006,1862400,2016-09-12
6424027,FTV,50.8600006103516,50.040000915527294,49.604709625244105,49.970001220703104,51.4000015258789,1607100,2016-09-13
6424034,FTV,50.0499992370605,50.0200004577637,49.5848922729492,49.6399993896484,50.5,1152300,2016-09-14
6424050,FTV,49.9799995422363,50.4900016784668,50.0508041381836,49.5,50.5999984741211,1410100,2016-09-15
6424056,FTV,50.1100006103516,50.2599983215332,49.8227958679199,49.41999816894529,50.3899993896484,2351900,2016-09-16
6424072,FTV,50.4099998474121,50.779998779296896,50.3382759094238,50.380001068115206,51.404998779296896,968800,2016-09-19
6424078,FTV,50.779998779296896,50.25,49.812892913818395,50.209999084472706,51.08000183105471,1070400,2016-09-20
6424093,FTV,50.470001220703104,50.9799995422363,50.5365333557129,50.220001220703104,51.0099983215332,850800,2016-09-21
6424099,FTV,51.3499984741211,51.6399993896484,51.1907958984375,51.290000915527294,51.9900016784668,1649200,2016-09-22
6424113,FTV,51.2999992370605,50.880001068115206,50.4374008178711,50.6500015258789,51.58000183105471,807200,2016-09-23
6424120,FTV,50.6599998474121,51.220001220703104,50.7744483947754,50.2999992370605,51.4900016784668,1066300,2016-09-26
6424134,FTV,51.0999984741211,51.6100006103516,51.16105651855471,51.0499992370605,51.779998779296896,1196400,2016-09-27
6424140,FTV,51.7400016784668,51.720001220703104,51.2700996398926,51.3499984741211,51.7700004577637,905700,2016-09-28
6424154,FTV,51.0900001525879,50.7000007629395,50.2589797973633,50.630001068115206,51.6100006103516,1458100,2016-09-29
6424160,FTV,51.119998931884794,50.9000015258789,50.457237243652294,50.279998779296896,51.2700004577637,1952400,2016-09-30
6424187,FTV,50.6100006103516,51.3899993896484,50.9429702758789,50.6100006103516,51.6599998474121,1360700,2016-10-03
6424193,FTV,51.2599983215332,50.810001373290994,50.368015289306605,50.560001373290994,51.4500007629395,1212800,2016-10-04
6424207,FTV,51.0200004577637,50.939998626709006,50.496883392334006,50.5999984741211,51.29499816894529,884500,2016-10-05
6424213,FTV,50.83000183105471,50.7000007629395,50.2589797973633,50.5,50.970001220703104,764000,2016-10-06
6424228,FTV,50.5,49.9300003051758,49.4956741333008,49.869998931884794,50.810001373290994,1055600,2016-10-07
6424234,FTV,50.2299995422363,49.9500007629395,49.515495300293,49.9000015258789,50.3199996948242,1021200,2016-10-10
6424249,FTV,49.91999816894529,49.220001220703104,48.7918472290039,49.0200004577637,50.1599998474121,1401900,2016-10-11
6424255,FTV,49.4000015258789,48.9900016784668,48.563846588134794,48.6500015258789,49.4000015258789,1620000,2016-10-12
6424269,FTV,48.630001068115206,48.8199996948242,48.395328521728494,48.0,49.6800003051758,1209600,2016-10-13
6424275,FTV,49.0699996948242,49.459999084472706,49.029754638671896,48.810001373290994,49.935001373290994,872300,2016-10-14
6424289,FTV,49.560001373290994,49.060001373290994,48.6332397460938,48.9099998474121,49.5900001525879,1116500,2016-10-17
6424295,FTV,49.6500015258789,49.0900001525879,48.6629791259766,49.0,50.3199996948242,1119800,2016-10-18
6424309,FTV,49.2700004577637,49.3899993896484,48.9603614807129,48.459999084472706,49.7960014343262,759900,2016-10-19
6424315,FTV,49.1399993896484,48.7000007629395,48.2763786315918,48.439998626709006,49.1800003051758,1419300,2016-10-20
6424329,FTV,48.220001220703104,48.66999816894529,48.2466316223145,48.130001068115206,48.8899993896484,1707000,2016-10-21
6424336,FTV,48.869998931884794,48.5499992370605,48.1276702880859,48.3600006103516,49.2599983215332,1269600,2016-10-24
6424350,FTV,48.5,47.91999816894529,47.5031547546387,47.8600006103516,48.5,1279400,2016-10-25
6424356,FTV,47.7999992370605,47.7700004577637,47.354461669921896,47.540000915527294,48.119998931884794,1574700,2016-10-26
6424370,FTV,47.689998626709006,47.4900016784668,47.076900482177706,46.810001373290994,47.689998626709006,3144200,2016-10-27
6424376,FTV,50.2299995422363,50.209999084472706,49.773231506347706,49.7299995422363,51.689998626709006,3978800,2016-10-28
6424390,FTV,50.209999084472706,51.0499992370605,50.605926513671896,50.040000915527294,51.3499984741211,1561700,2016-10-31
6424396,FTV,50.939998626709006,50.4900016784668,50.0508041381836,49.9900016784668,51.0200004577637,1775800,2016-11-01
6424410,FTV,50.4500007629395,50.3199996948242,49.8822746276855,50.279998779296896,51.1500015258789,866600,2016-11-02
6424416,FTV,50.290000915527294,50.9799995422363,50.5365333557129,49.9900016784668,51.2000007629395,1145700,2016-11-03
6424430,FTV,51.0200004577637,51.1100006103516,50.665409088134794,50.540000915527294,51.6599998474121,1568200,2016-11-04
6424436,FTV,51.5699996948242,51.790000915527294,51.3394927978516,51.0349998474121,52.0699996948242,1413900,2016-11-07
6424450,FTV,51.880001068115206,52.6500015258789,52.192008972168,51.369998931884794,52.7999992370605,1088700,2016-11-08
6424456,FTV,51.9900016784668,53.459999084472706,52.994964599609396,51.9039993286133,53.9300003051758,1673900,2016-11-09
6424470,FTV,53.9500007629395,54.2000007629395,53.7285270690918,53.6949996948242,55.3400001525879,1796200,2016-11-10
6424476,FTV,54.0900001525879,53.4000015258789,52.9354858398438,53.279998779296896,54.7400016784668,1431400,2016-11-11
6424490,FTV,53.6599998474121,53.8199996948242,53.351833343505895,53.4900016784668,54.060001373290994,2402200,2016-11-14
6424496,FTV,53.939998626709006,54.119998931884794,53.6492233276367,53.689998626709006,54.4500007629395,1703400,2016-11-15
6424538,FTV,53.790000915527294,54.439998626709006,53.9664421081543,53.709999084472706,54.45500183105471,1491600,2016-11-16
6424544,FTV,54.380001068115206,54.5,54.0259208679199,53.91999816894529,54.6599998474121,932400,2016-11-17
6424558,FTV,54.4799995422363,54.630001068115206,54.1547927856445,54.0900001525879,54.75,1214900,2016-11-18
6424565,FTV,54.25,54.83000183105471,54.3530502319336,54.0,55.1599998474121,1391300,2016-11-21
6424579,FTV,54.7400016784668,55.369998931884794,54.9585075378418,54.560001373290994,55.7700004577637,1333200,2016-11-22
6424586,FTV,55.6100006103516,55.7999992370605,55.4554290771484,55.2700004577637,55.9300003051758,985100,2016-11-23
6424600,FTV,56.08000183105471,55.970001220703104,55.6243782043457,55.4500007629395,56.1500015258789,489300,2016-11-25
6424606,FTV,56.08000183105471,55.5900001525879,55.2467231750488,55.3199996948242,56.2400016784668,1054100,2016-11-28
6424620,FTV,55.3600006103516,55.279998779296896,54.938636779785206,55.209999084472706,55.9799995422363,1078000,2016-11-29
6424626,FTV,55.6500015258789,54.9900016784668,54.650428771972706,54.7999992370605,56.154998779296896,4718900,2016-11-30
6424640,FTV,55.1399993896484,54.189998626709006,53.8553619384766,54.0,55.209999084472706,3325300,2016-12-01
6424646,FTV,54.290000915527294,54.4799995422363,54.1435775756836,54.0099983215332,55.029998779296896,2545400,2016-12-02
6424660,FTV,54.7700004577637,53.9099998474121,53.5770988464355,53.5699996948242,54.8899993896484,1420800,2016-12-05
6424666,FTV,53.970001220703104,54.0,53.6665382385254,53.540000915527294,54.119998931884794,2281300,2016-12-06
6424679,FTV,54.0,54.2400016784668,53.9050636291504,53.4099998474121,54.404998779296896,3285700,2016-12-07
6424685,FTV,54.369998931884794,53.6800003051758,53.348514556884794,53.435001373290994,54.459999084472706,2203200,2016-12-08
6424699,FTV,53.5099983215332,54.0,53.6665382385254,53.3199996948242,54.1599998474121,1441400,2016-12-09
6424705,FTV,53.880001068115206,53.9900016784668,53.656612396240206,53.7400016784668,54.369998931884794,1533200,2016-12-12
6424719,FTV,54.279998779296896,53.8499984741211,53.517463684082,53.25,54.4500007629395,2752000,2016-12-13
6424725,FTV,53.8899993896484,54.25,53.915000915527294,53.869998931884794,55.334999084472706,1559700,2016-12-14
6424739,FTV,54.209999084472706,54.810001373290994,54.4715423583984,53.9300003051758,55.290000915527294,1578100,2016-12-15
6424745,FTV,54.8600006103516,54.83000183105471,54.491416931152294,54.4000015258789,55.0200004577637,2413200,2016-12-16
6424759,FTV,54.810001373290994,54.959999084472706,54.620609283447294,54.3899993896484,55.029998779296896,1169300,2016-12-19
6424765,FTV,55.2400016784668,55.0499992370605,54.710056304931605,54.810001373290994,55.459999084472706,1187900,2016-12-20
6424779,FTV,54.970001220703104,54.119998931884794,53.7858009338379,53.91999816894529,54.970001220703104,1469800,2016-12-21
6424785,FTV,54.119998931884794,54.0900001525879,53.7559814453125,53.689998626709006,54.9799995422363,1543300,2016-12-22
6424799,FTV,54.33000183105471,54.5099983215332,54.1733932495117,53.7700004577637,54.7599983215332,511900,2016-12-23
6424805,FTV,54.75,54.459999084472706,54.123695373535206,54.1100006103516,54.8400001525879,915400,2016-12-27
6424819,FTV,54.6599998474121,53.75,53.418087005615206,53.470001220703104,54.6599998474121,602700,2016-12-28
6424825,FTV,53.9900016784668,54.0099983215332,53.6764793395996,53.5900001525879,54.1399993896484,479500,2016-12-29
6424839,FTV,54.2000007629395,53.630001068115206,53.298828125,53.3899993896484,54.4799995422363,705100,2016-12-30
6424845,FTV,53.8899993896484,53.7299995422363,53.3982048034668,52.9900016784668,54.183998107910206,1615100,2017-01-03
6424859,FTV,54.119998931884794,54.25,53.915000915527294,53.970001220703104,54.529998779296896,1487100,2017-01-04
6424865,FTV,54.33000183105471,53.939998626709006,53.6069107055664,53.709999084472706,54.7000007629395,1430000,2017-01-05
6424879,FTV,53.9000015258789,53.869998931884794,53.5373420715332,53.3899993896484,54.2000007629395,1260000,2017-01-06
6424885,FTV,54.0200004577637,53.7299995422363,53.3982048034668,53.5900001525879,54.2000007629395,743300,2017-01-09
6424899,FTV,53.7299995422363,53.7999992370605,53.467777252197294,53.4799995422363,54.08000183105471,1311600,2017-01-10
6424905,FTV,53.779998779296896,53.6599998474121,53.328643798828104,53.2599983215332,53.880001068115206,3691700,2017-01-11
6424919,FTV,53.470001220703104,53.66999816894529,53.3385734558105,53.3600006103516,53.8899993896484,2030200,2017-01-12
6424925,FTV,54.4000015258789,54.7599983215332,54.4218521118164,54.4000015258789,55.1599998474121,1439400,2017-01-13
6424939,FTV,54.439998626709006,54.130001068115206,53.795738220214794,53.66999816894529,54.529998779296896,1234900,2017-01-17
6424945,FTV,54.1100006103516,54.1399993896484,53.8056755065918,53.8499984741211,54.4000015258789,1346100,2017-01-18
6424959,FTV,54.2299995422363,54.2700004577637,53.934871673584006,54.0,54.6800003051758,821100,2017-01-19
6424965,FTV,54.41999816894529,54.5200004577637,54.1833305358887,54.209999084472706,54.6800003051758,1822900,2017-01-20
6424979,FTV,54.3199996948242,54.1100006103516,53.7758674621582,53.5900001525879,54.810001373290994,1372800,2017-01-23
6424985,FTV,54.310001373290994,54.7000007629395,54.362220764160206,54.0890007019043,54.9900016784668,1710500,2017-01-24
6424999,FTV,54.939998626709006,55.16999816894529,54.8293113708496,54.7000007629395,55.3400001525879,1755900,2017-01-25
6425005,FTV,55.0,55.689998626709006,55.346096038818395,54.7599983215332,55.9799995422363,2298600,2017-01-26
6425020,FTV,55.7299995422363,55.9300003051758,55.584625244140604,55.5499992370605,56.0,1568700,2017-01-27
6425026,FTV,55.9300003051758,55.439998626709006,55.0976448059082,54.75,55.9300003051758,1570600,2017-01-30
6425040,FTV,55.2400016784668,55.310001373290994,54.9684524536133,54.9099998474121,55.540000915527294,1792800,2017-01-31
6425046,FTV,55.470001220703104,55.130001068115206,54.7895622253418,54.8050003051758,55.6500015258789,1159700,2017-02-01
6425047,FTV,54.7999992370605,55.209999084472706,54.8690719604492,54.5,55.5,1895200,2017-02-02
6425061,FTV,55.560001373290994,56.0200004577637,55.674068450927706,55.0699996948242,56.6500015258789,1447400,2017-02-03
6425067,FTV,55.7000007629395,55.810001373290994,55.4653663635254,55.5099983215332,55.939998626709006,879600,2017-02-06
6425081,FTV,56.0,55.6399993896484,55.2964096069336,55.560001373290994,56.119998931884794,1898000,2017-02-07
6425087,FTV,54.970001220703104,56.1800003051758,55.833080291748,54.8839988708496,56.3899993896484,4628200,2017-02-08
6425101,FTV,56.1599998474121,57.0200004577637,56.66789245605471,56.1599998474121,57.1500015258789,1128300,2017-02-09
6425107,FTV,57.189998626709006,57.1500015258789,56.797088623046896,56.6800003051758,57.41999816894529,1250800,2017-02-10
6425121,FTV,57.459999084472706,57.529998779296896,57.1747436523438,57.380001068115206,58.040000915527294,1187800,2017-02-13
6425127,FTV,57.5,57.290000915527294,56.936222076415994,56.91999816894529,57.529998779296896,1008600,2017-02-14
6425141,FTV,57.2400016784668,57.58000183105471,57.224437713623,57.0810012817383,57.75,1022000,2017-02-15
6425147,FTV,57.6599998474121,57.3899993896484,57.035606384277294,56.7999992370605,58.2400016784668,1120400,2017-02-16
6425162,FTV,57.4099998474121,57.689998626709006,57.3337516784668,57.130001068115206,57.720001220703104,902000,2017-02-17
6425168,FTV,57.689998626709006,58.130001068115206,57.77104187011721,57.529998779296896,58.25,1553200,2017-02-21
6425182,FTV,57.7700004577637,57.689998626709006,57.4028739929199,57.5499992370605,58.16999816894529,939600,2017-02-22
6425188,FTV,58.0099983215332,57.2599983215332,56.9750175476074,57.119998931884794,58.1500015258789,1019300,2017-02-23
6425202,FTV,57.0900001525879,57.790000915527294,57.5023803710938,56.7299995422363,57.9000015258789,1846700,2017-02-24
6425208,FTV,57.6399993896484,57.6500015258789,57.3630790710449,57.470001220703104,57.880001068115206,891600,2017-02-27
6425222,FTV,57.66999816894529,57.6500015258789,57.3630790710449,57.310001373290994,57.8899993896484,1648700,2017-02-28
6425228,FTV,58.220001220703104,58.9099998474121,58.6168060302734,58.08000183105471,59.2400016784668,1436200,2017-03-01
6425242,FTV,58.9099998474121,58.630001068115206,58.3382034301758,58.3199996948242,59.0099983215332,1943600,2017-03-02
6425248,FTV,58.6100006103516,58.7299995422363,58.43769836425779,58.369998931884794,58.880001068115206,1438400,2017-03-03
6425262,FTV,58.3199996948242,58.33000183105471,58.0396957397461,58.005001068115206,58.6599998474121,1567200,2017-03-06
6425268,FTV,58.369998931884794,58.2000007629395,57.9103393554688,58.0099983215332,58.5499992370605,1664600,2017-03-07
6425282,FTV,58.209999084472706,58.16999816894529,57.880485534668,58.0200004577637,58.470001220703104,1290500,2017-03-08
6425288,FTV,58.08000183105471,58.0200004577637,57.731239318847706,57.83000183105471,58.470001220703104,1308100,2017-03-09
6425302,FTV,58.279998779296896,58.310001373290994,58.0197906494141,57.9799995422363,58.5499992370605,1219100,2017-03-10
6425308,FTV,58.4500007629395,58.7700004577637,58.4775047302246,58.0900001525879,58.970001220703104,1573600,2017-03-13
6425322,FTV,58.4799995422363,58.5499992370605,58.258602142334006,58.25,58.6500015258789,951000,2017-03-14
6425328,FTV,58.779998779296896,59.7000007629395,59.4028739929199,58.779998779296896,59.880001068115206,1783900,2017-03-15
6425342,FTV,59.7299995422363,59.5099983215332,59.2138175964355,59.4000015258789,59.91999816894529,1428100,2017-03-16
6425348,FTV,59.7299995422363,59.58000183105471,59.283473968505895,59.439998626709006,59.814998626709006,1928500,2017-03-17
6425362,FTV,59.5999984741211,59.0,58.7063598632812,58.959999084472706,59.8499984741211,1467800,2017-03-20
6425368,FTV,59.279998779296896,58.5099983215332,58.21879577636721,58.3400001525879,59.470001220703104,1856500,2017-03-21
6425382,FTV,58.5099983215332,58.4900016784668,58.19889831542971,58.290000915527294,58.8199996948242,1661100,2017-03-22
6425389,FTV,58.310001373290994,58.529998779296896,58.2387008666992,58.290000915527294,58.8400001525879,1054500,2017-03-23
6425403,FTV,60.1800003051758,59.310001373290994,59.01481628417971,58.939998626709006,60.1800003051758,1811200,2017-03-24
6425409,FTV,58.720001220703104,59.08000183105471,58.785961151123,58.1500015258789,59.2999992370605,943200,2017-03-27
6425429,FTV,59.040000915527294,59.5900001525879,59.293426513671896,58.75,59.7700004577637,817900,2017-03-28
6425430,FTV,59.8600006103516,59.6500015258789,59.353122711181605,59.5099983215332,60.4099998474121,1376300,2017-03-29
6425436,FTV,59.720001220703104,59.619998931884794,59.323272705078104,59.4500007629395,59.9900016784668,1155400,2017-03-30
6425467,FTV,59.5699996948242,60.220001220703104,59.920291900634794,59.380001068115206,60.4000015258789,1220700,2017-03-31
6425468,FTV,60.220001220703104,60.130001068115206,59.83073425292971,59.540000915527294,60.6500015258789,1918000,2017-04-03
6425469,FTV,60.119998931884794,60.0200004577637,59.7212791442871,59.8050003051758,60.2999992370605,1514400,2017-04-04
6425470,FTV,60.2599983215332,60.25,59.9501342773438,60.060001373290994,60.790000915527294,1389900,2017-04-05
6425471,FTV,60.2700004577637,60.5699996948242,60.2685432434082,60.1500015258789,60.779998779296896,719900,2017-04-06
6425472,FTV,60.58000183105471,60.470001220703104,60.1690444946289,60.3499984741211,60.7000007629395,521400,2017-04-07
6425473,FTV,60.5,61.0,60.696407318115206,60.470001220703104,61.1100006103516,1224600,2017-04-10
6425474,FTV,60.6599998474121,60.7700004577637,60.4675521850586,60.4099998474121,60.970001220703104,2477400,2017-04-11
6425475,FTV,60.790000915527294,60.5,60.1988945007324,60.2299995422363,60.939998626709006,1546100,2017-04-12
6425482,FTV,60.5,60.33000183105471,60.0297431945801,60.290000915527294,60.91999816894529,1215400,2017-04-13
6425498,FTV,60.5,60.4799995422363,60.178993225097706,60.064998626709006,60.5699996948242,978300,2017-04-17
6425499,FTV,60.119998931884794,60.2700004577637,59.9700393676758,59.994998931884794,60.484001159668,1563000,2017-04-18
6425500,FTV,60.290000915527294,60.0099983215332,59.711330413818395,59.880001068115206,60.689998626709006,1963300,2017-04-19
6425507,FTV,60.2599983215332,60.6100006103516,60.308345794677706,59.880001068115206,60.8499984741211,1502700,2017-04-20
6425527,FTV,60.5900001525879,60.0099983215332,59.711330413818395,59.9749984741211,60.7000007629395,1389900,2017-04-21
6425534,FTV,60.790000915527294,61.4300003051758,61.1242599487305,60.6800003051758,61.540000915527294,1269300,2017-04-24
6425548,FTV,61.790000915527294,62.33000183105471,62.0197830200195,61.7000007629395,62.540000915527294,1472000,2017-04-25
6425554,FTV,62.2999992370605,62.25,61.940185546875,62.1100006103516,62.7299995422363,1303600,2017-04-26
6425569,FTV,62.2400016784668,62.3199996948242,62.0098342895508,62.0699996948242,63.0099983215332,1945700,2017-04-27
6425576,FTV,62.959999084472706,63.2599983215332,62.9451560974121,62.5,64.26999664306639,2401500,2017-04-28
6425591,FTV,63.6100006103516,62.3400001525879,62.02973937988279,62.1100006103516,63.6500015258789,1759100,2017-05-01
6425597,FTV,61.83000183105471,62.1800003051758,61.87052917480471,61.0999984741211,62.3199996948242,1505200,2017-05-02
6425611,FTV,61.9500007629395,62.66999816894529,62.3580932617188,61.779998779296896,62.720001220703104,976800,2017-05-03
6425617,FTV,62.630001068115206,62.8199996948242,62.5073471069336,62.560001373290994,63.1100006103516,819900,2017-05-04
6425632,FTV,62.8600006103516,63.1399993896484,62.825756072998,62.4799995422363,63.1599998474121,595400,2017-05-05
6425638,FTV,63.0900001525879,62.8899993896484,62.576995849609396,62.7350006103516,63.3600006103516,1791500,2017-05-08
6425654,FTV,62.939998626709006,62.7000007629395,62.387943267822294,62.459999084472706,63.4300003051758,826000,2017-05-09
6425660,FTV,62.529998779296896,62.5699996948242,62.2585868835449,62.2400016784668,62.810001373290994,1048500,2017-05-10
6425675,FTV,62.1800003051758,62.619998931884794,62.3083419799805,62.08000183105471,62.7000007629395,591300,2017-05-11
6425681,FTV,62.439998626709006,62.1800003051758,61.87052917480471,62.0,62.52799987792971,1005100,2017-05-12
6425696,FTV,62.2999992370605,62.220001220703104,61.910335540771506,62.189998626709006,62.6399993896484,981500,2017-05-15
6425731,FTV,62.4500007629395,62.33000183105471,62.0197830200195,62.0499992370605,62.4500007629395,889400,2017-05-16
6425818,FTV,62.33000183105471,61.2000007629395,60.895412445068395,61.130001068115206,62.33000183105471,1235900,2017-05-17
6425824,FTV,60.75,61.1599998474121,60.8556098937988,60.4000015258789,61.5900001525879,1377800,2017-05-18
6425839,FTV,61.4799995422363,61.8400001525879,61.5322265625,60.994998931884794,62.0200004577637,1867600,2017-05-19
6425845,FTV,62.0900001525879,62.4000015258789,62.089439392089794,61.9000015258789,62.5,771700,2017-05-22
6425860,FTV,62.3899993896484,62.6100006103516,62.298397064209006,62.130001068115206,62.7000007629395,769500,2017-05-23
6425866,FTV,62.7400016784668,63.08000183105471,62.836307525634794,62.630001068115206,63.220001220703104,1357900,2017-05-24
6425881,FTV,63.119998931884794,63.6399993896484,63.3941421508789,62.75,63.869998931884794,1039100,2017-05-25
6425887,FTV,63.6800003051758,63.5099983215332,63.2646408081055,63.380001068115206,63.9000015258789,1176200,2017-05-26
6425905,FTV,63.2400016784668,63.3499984741211,63.1052589416504,63.029998779296896,63.790000915527294,1775800,2017-05-30
6425911,FTV,63.41999816894529,62.4500007629395,62.208736419677706,61.7999992370605,63.560001373290994,3926600,2017-05-31
6425927,FTV,62.7299995422363,62.9900016784668,62.746654510498,62.4749984741211,63.4300003051758,1105500,2017-06-01
6425933,FTV,62.9000015258789,63.4099998474121,63.1650276184082,62.845001220703104,63.83000183105471,1187700,2017-06-02
6425948,FTV,63.2400016784668,63.3199996948242,63.0753784179688,63.220001220703104,63.560001373290994,839500,2017-06-05
6425954,FTV,63.2400016784668,63.2000007629395,62.955841064453104,63.040000915527294,63.4500007629395,1376800,2017-06-06
6425968,FTV,63.25,63.3600006103516,63.1152267456055,63.0699996948242,63.7599983215332,786000,2017-06-07
6425974,FTV,63.3600006103516,63.7000007629395,63.4539108276367,62.810001373290994,63.75,982400,2017-06-08
6426033,FTV,64.0,63.0900001525879,62.84626770019529,62.560001373290994,64.0,1027100,2017-06-09
6426039,FTV,63.040000915527294,62.459999084472706,62.2187004089355,62.198001861572294,63.345001220703104,1138200,2017-06-12
6426068,FTV,62.6800003051758,63.2700004577637,63.025569915771506,62.4300003051758,63.290000915527294,1013700,2017-06-13
6426074,FTV,63.279998779296896,62.9500007629395,62.7068061828613,62.9300003051758,63.4799995422363,1378800,2017-06-14
6426094,FTV,62.6599998474121,63.040000915527294,62.796459197998,62.380001068115206,63.2599983215332,1172000,2017-06-15
6426100,FTV,63.16999816894529,64.0500030517578,63.802562713623,62.869998931884794,64.05999755859379,1676700,2017-06-16
6426116,FTV,64.30999755859379,64.7900009155273,64.53969573974611,64.19000244140621,64.8300018310547,1373600,2017-06-19
6426122,FTV,64.5,64.47000122070311,64.2209396362305,64.3000030517578,65.2099990844727,1760800,2017-06-20
6426138,FTV,64.51999664306639,64.370002746582,64.1213302612305,64.27999877929689,64.6999969482422,1462500,2017-06-21
6426144,FTV,64.33999633789061,64.09999847412111,63.8523635864258,63.9099998474121,64.52999877929689,1043500,2017-06-22
6426161,FTV,63.9500007629395,64.09999847412111,63.8523635864258,63.66999816894529,64.16000366210939,7313000,2017-06-23
6426167,FTV,64.3000030517578,64.1100006103516,63.8623237609863,63.939998626709006,64.72000122070311,1009500,2017-06-26
6426184,FTV,63.790000915527294,63.369998931884794,63.1251831054688,63.369998931884794,64.08999633789061,697800,2017-06-27
6426190,FTV,63.790000915527294,64.41000366210939,64.1611709594727,63.595001220703104,64.5500030517578,830200,2017-06-28
6426207,FTV,64.370002746582,62.8600006103516,62.617156982421896,62.75,64.370002746582,1291200,2017-06-29
6426213,FTV,62.91999816894529,63.3499984741211,63.1052589416504,62.9000015258789,63.6800003051758,1176900,2017-06-30
6426229,FTV,63.6500015258789,63.33000183105471,63.0853424072266,63.189998626709006,63.7299995422363,652600,2017-07-03
6426235,FTV,63.630001068115206,63.6100006103516,63.3642578125,63.185001373290994,63.9799995422363,892200,2017-07-05
6426250,FTV,63.4000015258789,63.33000183105471,63.0853424072266,63.220001220703104,63.779998779296896,1475700,2017-07-06
6426256,FTV,63.6100006103516,63.8499984741211,63.603328704834006,63.459999084472706,64.0,1114100,2017-07-07
6426271,FTV,63.8199996948242,64.59999847412111,64.35043334960939,63.7599983215332,64.9449996948242,1975100,2017-07-10
6426278,FTV,64.6800003051758,63.970001220703104,63.722869873046896,63.380001068115206,64.6800003051758,1104800,2017-07-11
6426293,FTV,64.2399978637695,64.6999969482422,64.45004272460939,64.1999969482422,64.90000152587889,1118500,2017-07-12
6426300,FTV,64.75,64.3899993896484,64.1412353515625,64.30999755859379,64.8600006103516,869400,2017-07-13
6426316,FTV,64.4199981689453,64.55999755859379,64.3105850219727,64.3199996948242,64.7900009155273,1113400,2017-07-14
6426322,FTV,64.5699996948242,64.1399993896484,63.892215728759794,63.779998779296896,64.5699996948242,1388200,2017-07-17
6426336,FTV,64.02999877929689,63.75,63.5037155151367,63.630001068115206,64.22000122070311,1029900,2017-07-18
6426342,FTV,63.939998626709006,63.970001220703104,63.722869873046896,63.58000183105471,63.9900016784668,1400600,2017-07-19
6426357,FTV,64.0100021362305,63.5,63.25468444824221,62.83000183105471,64.15000152587889,1558100,2017-07-20
6426363,FTV,63.2400016784668,63.25,63.005645751953104,63.08000183105471,63.4900016784668,1284200,2017-07-21
6426379,FTV,63.33000183105471,63.290000915527294,63.0454902648926,63.0499992370605,63.4000015258789,1203500,2017-07-24
6426385,FTV,63.5699996948242,63.0699996948242,62.826343536377,62.970001220703104,63.7299995422363,1716700,2017-07-25
6426401,FTV,63.1100006103516,62.1800003051758,61.939781188964794,62.1399993896484,63.220001220703104,1740900,2017-07-26
6426407,FTV,62.1599998474121,62.58000183105471,62.3382415771484,62.0499992370605,62.790000915527294,1840200,2017-07-27
6426422,FTV,63.5,64.47000122070311,64.2209396362305,62.638999938964794,64.8199996948242,2210700,2017-07-28
6426428,FTV,64.7600021362305,64.7399978637695,64.4898834228516,64.2099990844727,64.91000366210939,1986000,2017-07-31
6426443,FTV,64.7900009155273,65.1999969482422,64.948112487793,64.2600021362305,65.73000335693361,1849700,2017-08-01
6426449,FTV,65.30999755859379,66.27999877929689,66.0239410400391,65.3000030517578,66.5400009155273,1813300,2017-08-02
6426464,FTV,66.34999847412111,66.52999877929689,66.27297210693361,66.05999755859379,66.5400009155273,1102800,2017-08-03
6426470,FTV,66.6800003051758,67.1699981689453,66.91049957275389,66.51999664306639,67.1999969482422,1117700,2017-08-04
6426486,FTV,67.0,67.22000122070311,66.9603118896484,66.72000122070311,67.48000335693361,1466500,2017-08-07
6426487,FTV,66.97000122070311,66.9199981689453,66.66146850585939,66.84999847412111,67.1999969482422,1172700,2017-08-08
6426493,FTV,66.8600006103516,66.8199996948242,66.5618515014648,66.5449981689453,66.98000335693361,949900,2017-08-09
6426507,FTV,66.5500030517578,65.52999877929689,65.27683258056639,65.5100021362305,66.72000122070311,1037700,2017-08-10
6426508,FTV,65.620002746582,65.59999847412111,65.346565246582,65.40000152587889,66.0800018310547,705300,2017-08-11
6426514,FTV,66.09999847412111,66.25,65.9940567016602,65.98000335693361,66.379997253418,494600,2017-08-14
6426528,FTV,66.1999969482422,66.120002746582,65.86456298828121,65.9199981689453,66.379997253418,595500,2017-08-15
6426534,FTV,66.30999755859379,66.15000152587889,65.8944473266602,66.0,66.629997253418,645200,2017-08-16
6426550,FTV,65.870002746582,65.16000366210939,64.9082717895508,65.1100006103516,66.04799652099611,545700,2017-08-17
6426551,FTV,64.9499969482422,65.02999877929689,64.7787628173828,64.6800003051758,65.3899993896484,963500,2017-08-18
6426557,FTV,65.0,65.4199981689453,65.16726684570311,64.6399993896484,65.51999664306639,710600,2017-08-21
6426574,FTV,65.58999633789061,65.8600006103516,65.60556793212889,65.58999633789061,66.0,777900,2017-08-22
6426581,FTV,65.6399993896484,65.02999877929689,64.8476943969727,64.98000335693361,65.6999969482422,641200,2017-08-23
6426595,FTV,65.120002746582,64.879997253418,64.698112487793,64.629997253418,65.33999633789061,1167300,2017-08-24
6426601,FTV,65.0500030517578,64.69000244140621,64.5086517333984,64.09999847412111,65.25,1407800,2017-08-25
6426616,FTV,64.9499969482422,64.4899978637695,64.3092041015625,64.245002746582,65.05999755859379,697200,2017-08-28
6426622,FTV,64.2600021362305,64.4599990844727,64.279296875,63.9710006713867,64.5699996948242,1812800,2017-08-29
6426638,FTV,64.4199981689453,64.8000030517578,64.61834716796879,64.34999847412111,64.94000244140621,1586100,2017-08-30
6426644,FTV,64.84999847412111,64.97000122070311,64.7878570556641,64.69000244140621,65.1399993896484,1293300,2017-08-31
6426660,FTV,65.25,65.09999847412111,64.91750335693361,64.9199981689453,65.40000152587889,814200,2017-09-01
6426666,FTV,64.9899978637695,65.08999633789061,64.9075241088867,64.84999847412111,65.7399978637695,1043000,2017-09-05
6426681,FTV,65.5,64.73000335693361,64.5485382080078,64.6439971923828,65.9899978637695,1907800,2017-09-06
6426687,FTV,64.94000244140621,65.5699996948242,65.3861770629883,64.620002746582,65.6399993896484,816600,2017-09-07
6426703,FTV,65.52999877929689,66.48000335693361,66.2936325073242,65.48000335693361,67.08999633789061,1115100,2017-09-08
6426709,FTV,66.98000335693361,67.51999664306639,67.33071899414061,66.620002746582,67.6100006103516,1462200,2017-09-11
6426723,FTV,67.6100006103516,67.870002746582,67.6797332763672,67.6100006103516,68.0800018310547,845900,2017-09-12
6426729,FTV,67.73000335693361,68.69000244140621,68.4974365234375,67.52999877929689,68.7099990844727,1895200,2017-09-13
6426744,FTV,68.34999847412111,69.19000244140621,68.9960403442383,67.9499969482422,69.1999969482422,1816100,2017-09-14
6426750,FTV,70.0699996948242,69.3600006103516,69.16555023193361,69.0500030517578,70.2099990844727,2711700,2017-09-15
6426765,FTV,69.4899978637695,70.30999755859379,70.11289215087889,69.3199996948242,70.4800033569336,1321600,2017-09-18
6426771,FTV,70.30999755859379,70.0800018310547,69.883544921875,70.0100021362305,70.5299987792969,961900,2017-09-19
6426786,FTV,70.22000122070311,70.1699981689453,69.97328948974611,69.94000244140621,70.6600036621094,2028300,2017-09-20
6426792,FTV,70.1999969482422,69.9300003051758,69.7339630126953,69.80999755859379,70.4100036621094,1067200,2017-09-21
6426808,FTV,69.8600006103516,70.02999877929689,69.8336868286133,69.58999633789061,70.125,2310300,2017-09-22
6426815,FTV,70.0800018310547,70.02999877929689,69.8336868286133,69.58999633789061,70.25,982700,2017-09-25
6426829,FTV,70.0400009155273,69.84999847412111,69.6541748046875,69.8000030517578,70.3600006103516,1183700,2017-09-26
6426835,FTV,69.84999847412111,70.2099990844727,70.0131759643555,69.6800003051758,70.26999664306639,906400,2017-09-27
6426849,FTV,69.97000122070311,69.9199981689453,69.723991394043,69.6999969482422,70.27999877929689,1324500,2017-09-28
6426850,FTV,69.8899993896484,70.7900009155273,70.591552734375,69.75,71.0699996948242,1060900,2017-09-29
6426856,FTV,71.0299987792969,71.5500030517578,71.34942626953121,70.9000015258789,71.5500030517578,893800,2017-10-02
6426871,FTV,71.7399978637695,71.4800033569336,71.2796173095703,71.2799987792969,71.9100036621094,905700,2017-10-03
6426877,FTV,71.4300003051758,71.9100036621094,71.7084121704102,71.3399963378906,71.94000244140621,1057600,2017-10-04
6426892,FTV,72.0100021362305,71.5699996948242,71.3693618774414,71.13999938964841,72.0100021362305,1268900,2017-10-05
6426898,FTV,71.4599990844727,71.5500030517578,71.34942626953121,71.2900009155273,71.879997253418,1050800,2017-10-06
6426914,FTV,71.7600021362305,71.9000015258789,71.6984405517578,71.4800033569336,72.0999984741211,649100,2017-10-09
6426920,FTV,72.25,71.9199981689453,71.718376159668,71.4000015258789,72.30999755859379,976700,2017-10-10
6426935,FTV,72.05999755859379,72.3499984741211,72.1471710205078,71.8499984741211,72.5500030517578,989000,2017-10-11
6426941,FTV,72.4899978637695,72.88999938964841,72.68565368652341,72.2699966430664,73.0100021362305,978400,2017-10-12
6426956,FTV,73.1800003051758,72.3499984741211,72.1471710205078,72.19000244140621,73.2099990844727,721200,2017-10-13
6426962,FTV,72.44000244140621,72.0199966430664,71.8180923461914,71.9000015258789,72.6999969482422,1097200,2017-10-16
6426976,FTV,72.0800018310547,71.4899978637695,71.2895812988281,71.4800033569336,72.2799987792969,1318200,2017-10-17
6426982,FTV,71.5,71.620002746582,71.4192276000977,71.379997253418,71.9499969482422,855800,2017-10-18
6426997,FTV,71.379997253418,71.0999984741211,70.9006729125977,71.004997253418,71.5849990844727,1111600,2017-10-19
6427003,FTV,71.5,72.0100021362305,71.8081283569336,71.2600021362305,72.0719985961914,1564800,2017-10-20
6427019,FTV,72.0100021362305,72.0899963378906,71.8879013061523,71.44000244140621,72.30999755859379,1030200,2017-10-23
6427020,FTV,72.30999755859379,73.30999755859379,73.1044845581055,72.30999755859379,73.3399963378906,1287800,2017-10-24
6427026,FTV,72.9499969482422,72.4700012207031,72.2668380737305,72.0500030517578,73.370002746582,1730700,2017-10-25
6427041,FTV,73.0999984741211,73.4700012207031,73.2640380859375,72.5699996948242,73.7600021362305,1765700,2017-10-26
6427047,FTV,72.1999969482422,74.0999984741211,73.8922653198242,70.0100021362305,74.379997253418,2011600,2017-10-27
6427063,FTV,73.75,72.4599990844727,72.2568588256836,72.379997253418,73.88999938964841,1583400,2017-10-30
6427069,FTV,72.61000061035159,72.2600021362305,72.0574264526367,72.2149963378906,72.7699966430664,1234900,2017-10-31
6427083,FTV,72.7300033569336,72.86000061035159,72.65574645996091,72.25,73.0699996948242,1221700,2017-11-01
6427089,FTV,72.9000015258789,73.30999755859379,73.1044845581055,72.63999938964841,73.495002746582,987200,2017-11-02
6427106,FTV,73.3000030517578,73.63999938964841,73.4335556030273,73.3000030517578,73.9800033569336,1009800,2017-11-03
6427112,FTV,73.5,72.86000061035159,72.65574645996091,72.7600021362305,73.5899963378906,836600,2017-11-06
6427126,FTV,72.8000030517578,73.4700012207031,73.2640380859375,72.6699981689453,73.4700012207031,1072500,2017-11-07
6427132,FTV,73.2099990844727,72.7699966430664,72.5659942626953,72.6800003051758,73.25,1130300,2017-11-08
6427147,FTV,72.4499969482422,72.629997253418,72.4263916015625,72.1009979248047,72.8499984741211,1015700,2017-11-09
6427153,FTV,72.2799987792969,72.6500015258789,72.4463272094727,71.9000015258789,72.7949981689453,1825200,2017-11-10
6427169,FTV,72.2600021362305,72.5999984741211,72.39646911621091,72.0500030517578,72.6999969482422,833400,2017-11-13
6427175,FTV,72.2300033569336,72.6699981689453,72.4662780761719,72.13999938964841,72.6949996948242,1224000,2017-11-14
6427265,FTV,72.5899963378906,71.8499984741211,71.6485824584961,71.6699981689453,72.7099990844727,1726000,2017-11-15
6427266,FTV,72.19000244140621,72.44000244140621,72.236930847168,72.0299987792969,72.9300003051758,982700,2017-11-16
6427272,FTV,72.0899963378906,72.25,72.0474548339844,71.75,72.70899963378909,2945400,2017-11-17
6427402,FTV,72.379997253418,72.80999755859379,72.6058807373047,72.25,73.1600036621094,873300,2017-11-20
6427409,FTV,72.88999938964841,72.4499969482422,72.24688720703121,72.4100036621094,73.1600036621094,1263600,2017-11-21
6427424,FTV,72.379997253418,72.0,71.8675918579102,71.75599670410159,72.5299987792969,1932800,2017-11-22
6427425,FTV,72.0699996948242,72.129997253418,71.9973526000977,72.05999755859379,72.4000015258789,363000,2017-11-24
6427431,FTV,72.3300018310547,72.7600021362305,72.6261978149414,72.2149963378906,73.0350036621094,958900,2017-11-27
6427446,FTV,73.05999755859379,73.2900009155273,73.1552200317383,72.5899963378906,73.8300018310547,1304600,2017-11-28
6427447,FTV,73.379997253418,73.4199981689453,73.2849807739258,72.6699981689453,73.4800033569336,920000,2017-11-29
6427453,FTV,73.4899978637695,74.6500015258789,74.5127258300781,73.4300003051758,74.75,1571000,2017-11-30
6427468,FTV,75.5500030517578,74.5800018310547,74.4428482055664,73.5500030517578,75.69000244140621,1322300,2017-12-01
6427474,FTV,75.0699996948242,74.2300033569336,74.0934982299805,74.2300033569336,75.5400009155273,1074800,2017-12-04
6427489,FTV,74.4300003051758,72.9499969482422,72.8158416748047,72.879997253418,74.5400009155273,1140300,2017-12-05
6427495,FTV,72.9899978637695,73.2900009155273,73.1552200317383,72.68499755859379,73.6600036621094,1119600,2017-12-06
6427509,FTV,73.5500030517578,73.5999984741211,73.4646530151367,73.1999969482422,74.2300033569336,899100,2017-12-07
6427510,FTV,73.9599990844727,73.69000244140621,73.5544891357422,73.2799987792969,74.2399978637695,1000600,2017-12-08
6427516,FTV,73.8300018310547,73.0100021362305,72.8757400512695,72.86000061035159,73.9899978637695,960900,2017-12-11
6427546,FTV,72.9499969482422,72.5199966430664,72.3866348266602,72.2600021362305,72.9499969482422,767100,2017-12-12
6427553,FTV,72.4700012207031,72.4100036621094,72.27684020996091,72.1800003051758,73.0299987792969,943400,2017-12-13
6427569,FTV,72.629997253418,71.4000015258789,71.2686996459961,71.370002746582,72.7900009155273,1094400,2017-12-14
6427576,FTV,71.8300018310547,72.05999755859379,71.9274826049805,71.7099990844727,72.3199996948242,2613500,2017-12-15
6427590,FTV,72.379997253418,72.7300033569336,72.5962600708008,72.0999984741211,73.120002746582,1083700,2017-12-18
6427597,FTV,72.9300003051758,72.7300033569336,72.5962600708008,72.0100021362305,73.0999984741211,944200,2017-12-19
6427611,FTV,73.2300033569336,72.9899978637695,72.8557662963867,72.9000015258789,73.44000244140621,767200,2017-12-20
6427617,FTV,73.2699966430664,72.8000030517578,72.66612243652341,72.620002746582,73.30999755859379,830800,2017-12-21
6427631,FTV,72.8399963378906,72.4700012207031,72.33673095703121,72.1500015258789,72.8399963378906,981700,2017-12-22
6427638,FTV,72.69000244140621,72.620002746582,72.486457824707,72.2399978637695,72.7600021362305,417300,2017-12-26
6427652,FTV,72.5299987792969,72.370002746582,72.2369155883789,72.2300033569336,72.88999938964841,780600,2017-12-27
6427659,FTV,72.5,72.5,72.3666687011719,72.0400009155273,72.6600036621094,798100,2017-12-28
6427674,FTV,72.7699966430664,72.3499984741211,72.2169494628906,72.3499984741211,73.0,843000,2017-12-29
6427681,FTV,72.9899978637695,72.379997253418,72.2468948364258,71.8349990844727,73.1800003051758,1088500,2018-01-02
6427695,FTV,72.2399978637695,72.4199981689453,72.2868194580078,71.2699966430664,72.5699996948242,1566900,2018-01-03
6427701,FTV,72.7200012207031,74.25,74.1134567260742,72.4300003051758,74.3499984741211,1528200,2018-01-04
6427715,FTV,74.4199981689453,73.4000015258789,73.265022277832,72.870002746582,74.61000061035159,2134300,2018-01-05
6427721,FTV,73.1600036621094,73.25,73.11529541015621,73.05999755859379,73.5,1010400,2018-01-08
6427735,FTV,73.2200012207031,73.7799987792969,73.6443176269531,73.1999969482422,74.4700012207031,1139100,2018-01-09
6427741,FTV,73.4100036621094,73.0199966430664,72.8857192993164,72.5299987792969,73.8300018310547,889100,2018-01-10
6427757,FTV,73.129997253418,73.7099990844727,73.57444763183591,73.0100021362305,73.80999755859379,1179500,2018-01-11
6427763,FTV,73.94000244140621,74.4700012207031,74.3330535888672,73.7600021362305,74.7799987792969,1283200,2018-01-12
6427778,FTV,74.8199996948242,73.9899978637695,73.8539352416992,73.7200012207031,75.629997253418,1339400,2018-01-16
6427784,FTV,74.4700012207031,74.7399978637695,74.60255432128909,74.0199966430664,75.2399978637695,1525100,2018-01-17
6427798,FTV,74.86000061035159,74.4599990844727,74.3230667114258,74.25,75.2399978637695,864300,2018-01-18
6427804,FTV,74.629997253418,74.55999755859379,74.4228820800781,74.0,74.9449996948242,1811700,2018-01-19
6427818,FTV,74.5500030517578,74.1999969482422,74.0635452270508,73.8499984741211,75.0699996948242,1364800,2018-01-22
6427824,FTV,74.44000244140621,75.05999755859379,74.9219589233398,73.7799987792969,75.25,1591000,2018-01-23
6427839,FTV,75.4800033569336,75.36000061035159,75.2214126586914,75.05999755859379,76.6800003051758,1576800,2018-01-24
6427845,FTV,75.7900009155273,74.80999755859379,74.67242431640621,74.55999755859379,75.8949966430664,1440600,2018-01-25
6427861,FTV,75.2099990844727,76.5699996948242,76.4291915893555,74.5699996948242,76.5899963378906,2205200,2018-01-26
6427867,FTV,76.1999969482422,76.379997253418,76.2395324707031,76.0,76.6699981689453,1625600,2018-01-29
6427881,FTV,75.9000015258789,76.0299987792969,75.8901824951172,75.629997253418,76.4300003051758,1333500,2018-01-30
6427887,FTV,76.3300018310547,76.0199966430664,75.8802032470703,75.620002746582,76.5299987792969,1287200,2018-01-31
6427903,FTV,75.5199966430664,75.5500030517578,75.4110641479492,75.2050018310547,76.5699996948242,1440500,2018-02-01
6427909,FTV,75.3399963378906,75.3499984741211,75.21142578125,75.0,76.2900009155273,1406300,2018-02-02
6427923,FTV,75.0400009155273,71.6600036621094,71.5282211303711,71.6500015258789,75.4150009155273,1982100,2018-02-05
6427929,FTV,70.3300018310547,72.11000061035159,71.9773941040039,69.4499969482422,72.5899963378906,2852900,2018-02-06
6427943,FTV,71.9199981689453,71.69000244140621,71.55816650390621,71.6800003051758,73.0500030517578,2533300,2018-02-07
6427949,FTV,71.7099990844727,69.1399993896484,69.0128555297852,69.02999877929689,72.3000030517578,2367700,2018-02-08
6427964,FTV,75.80999755859379,72.4499969482422,72.31675720214841,69.5100021362305,75.80999755859379,4139700,2018-02-09
6427970,FTV,72.8000030517578,74.3000030517578,74.1633682250977,72.8000030517578,74.9800033569336,3466900,2018-02-12
6427985,FTV,74.0899963378906,74.13999938964841,74.0036544799805,73.8000030517578,74.75,3148600,2018-02-13
6427991,FTV,73.75,74.19000244140621,74.0535659790039,73.4749984741211,74.4199981689453,1788700,2018-02-14
6428005,FTV,74.86000061035159,75.0800018310547,74.9419326782227,74.0999984741211,75.0899963378906,1765100,2018-02-15
6428011,FTV,75.0800018310547,75.6500015258789,75.51087951660159,74.80999755859379,75.9800033569336,2116600,2018-02-16
6428027,FTV,75.3399963378906,75.8499984741211,75.71051025390621,75.26499938964841,76.2099990844727,1647200,2018-02-20
6428033,FTV,76.11000061035159,76.0100021362305,75.87022399902341,75.9899978637695,77.2200012207031,1269700,2018-02-21
6428047,FTV,76.3399963378906,76.6800003051758,76.6095428466797,76.11000061035159,77.1800003051758,1058100,2018-02-22
6428053,FTV,77.1500015258789,77.13999938964841,77.0691146850586,76.43299865722659,77.2300033569336,1298100,2018-02-23
6428067,FTV,77.2900009155273,77.9599990844727,77.88836669921879,76.9749984741211,78.129997253418,1461500,2018-02-26
6428073,FTV,78.0800018310547,77.7600021362305,77.6885528564453,77.7399978637695,78.8300018310547,1013200,2018-02-27
6428087,FTV,78.0400009155273,76.8000030517578,76.72943115234379,76.7900009155273,78.2600021362305,1799300,2018-02-28
6428093,FTV,77.05999755859379,74.6999969482422,74.6313552856445,74.2200012207031,77.129997253418,1623200,2018-03-01
6428109,FTV,74.0100021362305,73.9899978637695,73.92201232910159,73.2900009155273,74.4800033569336,1936200,2018-03-02
6428115,FTV,73.5299987792969,74.2600021362305,74.191764831543,73.11000061035159,74.61000061035159,1280300,2018-03-05
6428130,FTV,74.6699981689453,75.120002746582,75.0509796142578,74.11000061035159,75.4899978637695,1404400,2018-03-06
6428136,FTV,74.9000015258789,77.9599990844727,77.88836669921879,73.4100036621094,78.0899963378906,2932600,2018-03-07
6428151,FTV,78.2300033569336,78.36000061035159,78.2880020141602,77.379997253418,78.4599990844727,2252900,2018-03-08
6428157,FTV,78.8199996948242,80.2699966430664,80.1962356567383,78.129997253418,80.30999755859379,2108300,2018-03-09
6428171,FTV,80.1999969482422,78.5299987792969,78.4578399658203,77.9899978637695,80.2149963378906,1216300,2018-03-12
6428177,FTV,78.7399978637695,77.9899978637695,77.9183349609375,77.80999755859379,79.2149963378906,1618900,2018-03-13
6428192,FTV,78.4499969482422,77.61000061035159,77.538688659668,77.4199981689453,78.9000015258789,1180200,2018-03-14
6428198,FTV,77.7699966430664,78.0999984741211,78.0282363891602,77.2200012207031,78.4199981689453,724800,2018-03-15
6428213,FTV,78.0199966430664,78.2300033569336,78.1581192016602,77.61000061035159,78.4300003051758,2018000,2018-03-16
6428219,FTV,78.19000244140621,77.7799987792969,77.7085266113281,77.0100021362305,78.19000244140621,937000,2018-03-19
6428234,FTV,78.0999984741211,78.1600036621094,78.0881881713867,77.7799987792969,78.4800033569336,1295000,2018-03-20
6428240,FTV,78.2099990844727,78.3499984741211,78.2780075073242,77.5299987792969,79.2020034790039,1149000,2018-03-21
6428254,FTV,77.55999755859379,76.69000244140621,76.6195373535156,76.5199966430664,78.2300033569336,1542300,2018-03-22
6428260,FTV,76.75,76.0199966430664,75.9501419067383,75.9700012207031,77.6800003051758,2109000,2018-03-23
6428275,FTV,77.30999755859379,78.0899963378906,78.0182418823242,76.6449966430664,78.19000244140621,1729900,2018-03-26
6428281,FTV,78.120002746582,76.8000030517578,76.72943115234379,76.4700012207031,78.4700012207031,1570600,2018-03-27
6428297,FTV,76.9899978637695,76.6500015258789,76.5795669555664,75.7799987792969,77.0999984741211,1813600,2018-03-28
6428303,FTV,77.0199966430664,77.5199966430664,77.4487686157227,76.5999984741211,77.9599990844727,1374900,2018-03-29
6428318,FTV,77.19000244140621,75.44000244140621,75.3706817626953,74.55999755859379,77.3939971923828,1681700,2018-04-02
6428324,FTV,75.6699981689453,76.3000030517578,76.2298965454102,74.8399963378906,76.3499984741211,1604700,2018-04-03
6428340,FTV,75.0100021362305,76.629997253418,76.55958557128909,74.4000015258789,76.6699981689453,1794600,2018-04-04
6428346,FTV,77.3300018310547,77.4199981689453,77.34886169433591,76.879997253418,78.0800018310547,1310800,2018-04-05
6428361,FTV,76.69000244140621,74.7200012207031,74.6513442993164,73.879997253418,77.0100021362305,1619100,2018-04-06
6428367,FTV,74.94000244140621,74.11000061035159,74.0419006347656,73.94000244140621,75.5800018310547,2083500,2018-04-09
6428383,FTV,75.13999938964841,75.8000030517578,75.730354309082,74.9700012207031,75.9700012207031,1590600,2018-04-10
6428389,FTV,75.129997253418,74.4499969482422,74.3815841674805,74.36000061035159,75.370002746582,1128100,2018-04-11
6428404,FTV,75.0,74.75,74.6813125610352,74.629997253418,75.379997253418,1329300,2018-04-12
6428410,FTV,75.36000061035159,74.6999969482422,74.6313552856445,74.1600036621094,75.8249969482422,2477000,2018-04-13
6428425,FTV,75.4000015258789,75.2600021362305,75.1908493041992,74.88999938964841,75.5800018310547,1432100,2018-04-16
6428431,FTV,75.80999755859379,76.7300033569336,76.6595001220703,75.7099990844727,77.5550003051758,2105600,2018-04-17
6428446,FTV,77.2300033569336,77.13999938964841,77.0691146850586,76.6650009155273,77.7900009155273,954700,2018-04-18
6428452,FTV,77.120002746582,76.7699966430664,76.6994552612305,76.36000061035159,77.4499969482422,1087300,2018-04-19
6428466,FTV,76.9499969482422,76.7399978637695,76.6694869995117,76.1699981689453,77.0899963378906,1323400,2018-04-20
6428472,FTV,76.9499969482422,76.3000030517578,76.2298965454102,76.0800018310547,77.0,1133500,2018-04-23
6428487,FTV,76.6699981689453,73.0500030517578,72.9828796386719,72.2600021362305,76.9290008544922,1818500,2018-04-24
6428493,FTV,72.8199996948242,72.1999969482422,72.13365173339841,71.9899978637695,73.1060028076172,1756400,2018-04-25
6428509,FTV,72.4499969482422,72.2699966430664,72.2035903930664,71.6999969482422,72.7149963378906,2671100,2018-04-26
6428515,FTV,71.6500015258789,71.30999755859379,71.2444763183594,69.0800018310547,71.8249969482422,3691800,2018-04-27
6428531,FTV,71.6500015258789,70.30999755859379,70.24539184570311,70.30999755859379,71.9100036621094,1668700,2018-04-30
6428537,FTV,70.3300018310547,72.0400009155273,71.9738082885742,69.8600006103516,72.05999755859379,1975700,2018-05-01
6428553,FTV,72.0,71.5199966430664,71.4542770385742,71.2050018310547,72.36000061035159,1990000,2018-05-02
6428559,FTV,70.88999938964841,72.5100021362305,72.44337463378909,70.5899963378906,72.7399978637695,1898000,2018-05-03
6428575,FTV,71.9899978637695,73.2900009155273,73.22265625,71.7799987792969,73.38999938964841,1253400,2018-05-04
6428581,FTV,73.38999938964841,73.5400009155273,73.47242736816409,73.1600036621094,73.9000015258789,1316400,2018-05-07
6428597,FTV,73.5400009155273,74.25,74.18177795410159,73.3499984741211,74.2699966430664,1129200,2018-05-08
6428603,FTV,74.2600021362305,75.2200012207031,75.1508865356445,74.0,75.30999755859379,1251200,2018-05-09
6428619,FTV,75.4899978637695,75.5400009155273,75.470588684082,75.11000061035159,75.63999938964841,919600,2018-05-10
6428625,FTV,75.620002746582,75.620002746582,75.55052185058591,75.1999969482422,75.9700012207031,1009400,2018-05-11
6428639,FTV,75.75,76.3000030517578,76.2298965454102,75.7099990844727,76.7200012207031,1753100,2018-05-14
6428645,FTV,76.0199966430664,76.25,76.1799392700195,75.5100021362305,76.2699966430664,1144100,2018-05-15
6428660,FTV,76.1600036621094,76.7799987792969,76.7094497680664,76.129997253418,76.9100036621094,987500,2018-05-16
6428666,FTV,76.7200012207031,77.3499984741211,77.278923034668,76.4000015258789,77.4899978637695,1246800,2018-05-17
6428682,FTV,77.3399963378906,77.870002746582,77.798454284668,77.0299987792969,77.9599990844727,2049300,2018-05-18
6428688,FTV,78.13999938964841,77.61000061035159,77.538688659668,77.3000030517578,78.6149978637695,1185300,2018-05-21
6428703,FTV,77.61000061035159,76.11000061035159,76.0400695800781,76.0899963378906,77.75,1555000,2018-05-22
6428709,FTV,75.7399978637695,76.1800003051758,76.11000061035159,75.2099990844727,76.2900009155273,1222200,2018-05-23
6428722,FTV,75.7200012207031,76.1600036621094,76.1600036621094,75.5100021362305,76.5299987792969,1459500,2018-05-24
6428728,FTV,76.0199966430664,75.5100021362305,75.5100021362305,74.9899978637695,76.4499969482422,817600,2018-05-25
6428744,FTV,74.9199981689453,74.0199966430664,74.0199966430664,73.5199966430664,75.2099990844727,1511100,2018-05-29
6428750,FTV,74.0299987792969,74.19000244140621,74.19000244140621,73.86000061035159,74.6699981689453,1310600,2018-05-30
6428765,FTV,74.13999938964841,72.69000244140621,72.69000244140621,72.4899978637695,74.15899658203121,2277000,2018-05-31
6428771,FTV,73.4199981689453,73.80999755859379,73.80999755859379,73.0299987792969,74.2699966430664,1183300,2018-06-01
6428786,FTV,74.2300033569336,74.25,74.25,73.6800003051758,74.8000030517578,1600300,2018-06-04
6428792,FTV,74.4700012207031,74.3000030517578,74.3000030517578,74.0100021362305,74.7300033569336,856700,2018-06-05
6428807,FTV,74.4599990844727,74.9599990844727,74.9599990844727,74.129997253418,74.9599990844727,1345700,2018-06-06
6428813,FTV,77.3199996948242,77.9800033569336,77.9800033569336,76.9700012207031,78.1699981689453,2649400,2018-06-07
6428827,FTV,77.9599990844727,78.1999969482422,78.1999969482422,77.5299987792969,78.4000015258789,1447800,2018-06-08
6428833,FTV,78.1999969482422,78.370002746582,78.370002746582,77.94000244140621,78.5500030517578,1100400,2018-06-11
6428849,FTV,78.379997253418,78.2900009155273,78.2900009155273,77.94000244140621,78.6699981689453,1080800,2018-06-12
6428855,FTV,78.44000244140621,78.0899963378906,78.0899963378906,78.0500030517578,78.9700012207031,1153700,2018-06-13
6428871,FTV,78.3000030517578,80.129997253418,80.129997253418,78.3000030517578,80.4499969482422,2548400,2018-06-14
6428877,FTV,79.6500015258789,81.0699996948242,81.0699996948242,79.36000061035159,81.5100021362305,3365100,2018-06-15
6428892,FTV,80.379997253418,80.370002746582,80.370002746582,79.44000244140621,80.6500015258789,1939000,2018-06-18
6428898,FTV,79.4899978637695,79.0100021362305,79.0100021362305,78.3300018310547,79.5899963378906,1870800,2018-06-19
6428915,FTV,79.0999984741211,78.8000030517578,78.8000030517578,78.38999938964841,79.2099990844727,1123100,2018-06-20
6428921,FTV,78.5100021362305,78.0999984741211,78.0999984741211,77.4700012207031,78.8000030517578,1268100,2018-06-21
6428937,FTV,78.8300018310547,77.8399963378906,77.8399963378906,77.7699966430664,78.8499984741211,2094100,2018-06-22
6428943,FTV,77.4300003051758,77.629997253418,77.629997253418,76.7600021362305,77.8499984741211,1902100,2018-06-25
6428958,FTV,77.25,75.1999969482422,75.1999969482422,75.129997253418,77.25,6011400,2018-06-26
6428964,FTV,75.5,74.7900009155273,74.7900009155273,74.7300033569336,76.01499938964841,5353700,2018-06-27
6428979,FTV,75.0699996948242,75.8000030517578,75.8000030517578,74.1999969482422,76.1600036621094,3478300,2018-06-28
6428985,FTV,76.2200012207031,77.11000061035159,77.11000061035159,76.2200012207031,77.61000061035159,3437000,2018-06-29
6429001,FTV,76.5100021362305,76.7600021362305,76.7600021362305,75.6699981689453,76.7900009155273,1477100,2018-07-02
6429008,FTV,77.11000061035159,76.5400009155273,76.5400009155273,76.4499969482422,77.7799987792969,797300,2018-07-03
6429025,FTV,77.0400009155273,77.13999938964841,77.13999938964841,76.5999984741211,77.30999755859379,1343600,2018-07-05
6429032,FTV,77.1999969482422,77.2200012207031,77.2200012207031,76.8499984741211,77.6699981689453,920400,2018-07-06
6429048,FTV,77.1500015258789,77.9000015258789,77.9000015258789,77.120002746582,78.0999984741211,1723300,2018-07-09
6429054,FTV,77.7900009155273,77.05999755859379,77.05999755859379,76.63999938964841,78.05999755859379,1227900,2018-07-10
6429068,FTV,76.80999755859379,76.2399978637695,76.2399978637695,76.1999969482422,77.05999755859379,1286500,2018-07-11
6429074,FTV,76.5899963378906,76.9499969482422,76.9499969482422,76.129997253418,77.1999969482422,1589000,2018-07-12
6429089,FTV,77.05999755859379,77.2200012207031,77.2200012207031,76.7900009155273,77.4000015258789,1003100,2018-07-13
6429095,FTV,77.0299987792969,76.4599990844727,76.4599990844727,76.2200012207031,77.0800018310547,1069600,2018-07-16
6429109,FTV,76.5699996948242,77.5699996948242,77.5699996948242,76.4000015258789,77.6800003051758,963500,2018-07-17
6429115,FTV,78.0,77.5199966430664,77.5199966430664,77.2600021362305,78.0,1381700,2018-07-18
6429131,FTV,77.4899978637695,77.620002746582,77.620002746582,76.870002746582,77.8499984741211,1307500,2018-07-19
6429137,FTV,77.120002746582,77.63999938964841,77.63999938964841,76.9599990844727,78.1999969482422,1872600,2018-07-20
6429151,FTV,77.4300003051758,76.1800003051758,76.1800003051758,76.120002746582,77.55999755859379,1443200,2018-07-23
6429157,FTV,76.5,77.4100036621094,77.4100036621094,76.5,77.4599990844727,2075400,2018-07-24
6429172,FTV,77.4899978637695,79.0299987792969,79.0299987792969,77.25,79.0899963378906,2122100,2018-07-25
6429178,FTV,79.5,81.2099990844727,81.2099990844727,78.75,81.30999755859379,2990400,2018-07-26
6429193,FTV,80.75,79.80999755859379,79.80999755859379,78.7600021362305,80.9700012207031,2233300,2018-07-27
6429199,FTV,80.0,79.75,79.75,79.51499938964841,81.6600036621094,2577600,2018-07-30
6429215,FTV,80.5299987792969,82.0800018310547,82.0800018310547,80.1500015258789,82.25,2756900,2018-07-31
6429221,FTV,82.2799987792969,80.94000244140621,80.94000244140621,80.879997253418,82.629997253418,2233300,2018-08-01
6429237,FTV,80.5,80.9300003051758,80.9300003051758,79.9800033569336,81.13999938964841,1486400,2018-08-02
6429243,FTV,80.5,81.2099990844727,81.2099990844727,80.5,81.4800033569336,1010500,2018-08-03
6429259,FTV,81.0800018310547,80.9599990844727,80.9599990844727,80.80999755859379,81.25,1286100,2018-08-06
6429265,FTV,81.1699981689453,81.2799987792969,81.2799987792969,81.0,81.63999938964841,832800,2018-08-07
6429279,FTV,81.1699981689453,80.7799987792969,80.7799987792969,80.370002746582,81.2799987792969,893400,2018-08-08
6429285,FTV,80.7200012207031,80.2399978637695,80.2399978637695,80.1999969482422,81.0500030517578,746500,2018-08-09
6429300,FTV,80.0400009155273,79.6999969482422,79.6999969482422,79.4300003051758,80.2300033569336,1980300,2018-08-10
6429306,FTV,79.61000061035159,79.30999755859379,79.30999755859379,79.0100021362305,80.4100036621094,1494500,2018-08-13
6429321,FTV,79.1800003051758,79.55999755859379,79.55999755859379,79.0120010375977,79.9739990234375,1089100,2018-08-14
6429327,FTV,79.379997253418,79.69000244140621,79.69000244140621,78.80999755859379,79.80999755859379,1307800,2018-08-15
6429343,FTV,80.1600036621094,80.3399963378906,80.3399963378906,79.9300003051758,81.0199966430664,1277300,2018-08-16
6429349,FTV,80.5800018310547,80.25,80.25,80.1699981689453,80.5800018310547,2439400,2018-08-17
6429365,FTV,80.5899963378906,80.5999984741211,80.5999984741211,80.2200012207031,80.9899978637695,1815400,2018-08-20
6429371,FTV,80.6600036621094,80.38999938964841,80.38999938964841,80.0999984741211,80.7900009155273,1625400,2018-08-21
6429385,FTV,80.38999938964841,79.9199981689453,79.9199981689453,79.7300033569336,80.38999938964841,1029700,2018-08-22
6429391,FTV,80.05999755859379,80.0199966430664,80.0199966430664,79.620002746582,80.13999938964841,1317600,2018-08-23
6429407,FTV,80.2200012207031,80.129997253418,80.129997253418,79.9000015258789,80.2699966430664,667300,2018-08-24
